library,term,pval,adj_pval,combined_score,n_genes,genes
Reactome,Interleukin-4 And Interleukin-13 Signaling R-HSA-6785807,4.2433917009590073e-20,1.9052828737305942e-17,1684.62,17,MAOA;MMP1;MMP2;ALOX15;MMP3;PIK3R1;PTGS2;HIF1A;MMP9;ALOX5;BCL2;AKT1;STAT6;JAK2;TP53;JAK3;MCL1
Reactome,Signaling By Interleukins R-HSA-449147,7.248061141674653e-19,1.6271897263059594e-16,549.83,26,APP;MAOA;ALOX15;PIK3R1;PTGS2;HIF1A;PSMB5;ALOX5;AKT1;MAPK1;STAT6;JAK2;JAK3;MCL1;SYK;MMP1;MMP2;MMP3;PRKCA;MMP9;NFKB1;IL2;CREB1;PIK3CA;BCL2;TP53
KEGG,Lipid and atherosclerosis,2.0506814452813403e-17,9.597189163916671e-16,756.05,19,GSK3B;MMP1;SRC;MMP3;PRKCA;PIK3R1;MMP9;NFKB1;PTK2;CYP2C9;PIK3CA;CYP1A1;BCL2;AKT1;NLRP3;MAPK1;PPARG;JAK2;TP53
Reactome,Cytokine Signaling In Immune System R-HSA-1280215,3.2058581501809737e-15,4.1126580269464487e-13,288.12,27,APP;MAOA;FLT3;ALOX15;PIK3R1;PTGS2;HIF1A;PSMB5;ALOX5;AKT1;MAPK1;STAT6;JAK2;JAK3;MCL1;SYK;MMP1;MMP2;MMP3;PRKCA;MMP9;NFKB1;IL2;CREB1;PIK3CA;BCL2;TP53
KEGG,HIF-1 signaling pathway,6.189107410820406e-14,1.114039333947673e-12,791.23,13,CREBBP;SLC2A1;PRKCA;PIK3R1;HIF1A;NFKB1;EGFR;IGF1R;PIK3CA;BCL2;AKT1;MAPK1;TEK
KEGG,Chemokine signaling pathway,3.683523186265425e-13,4.5365496083479446e-12,473.41,15,ITK;GSK3B;SRC;BRAF;PIK3R1;NFKB1;PTK2;PIK3CA;CXCR1;GRK6;AKT1;MAPK1;JAK2;CCR4;JAK3
GO_BP,Regulation Of Inflammatory Response (GO:0050727),6.70716558269714e-13,1.26631286201322e-10,393.63,16,APP;MMP3;ALOX15;GBA1;AHR;PTGS2;MMP9;IL2;ALOX5;NLRP3;PPARG;TEK;PPARA;JAK2;ELANE;SNCA
KEGG,Fluid shear stress and atherosclerosis,2.9148800738575813e-11,2.1315060540083564e-10,435.44,12,PIK3CA;SRC;MMP2;KDR;BCL2;AKT1;CTNNB1;PIK3R1;TP53;MMP9;NFKB1;PTK2
KEGG,VEGF signaling pathway,5.341434349394614e-11,3.471932327106499e-10,789.19,9,PIK3CA;SRC;KDR;AKT1;MAPK1;PRKCA;PIK3R1;PTGS2;PTK2
Reactome,Arachidonic Acid Metabolism R-HSA-2142753,5.341434349394614e-11,2.664782247642424e-09,789.19,9,CYP2C9;ALOX5;ALOX15;CYP1A2;CYP1A1;ALOX12;CYP2C19;PTGS2;PTGS1
GO_BP,Arachidonic Acid Metabolic Process (GO:0019369),6.100322565943632e-10,4.798920418542324e-08,708.68,8,CYP2C9;ALOX15;CYP1A2;CYP1A1;ALOX12;CYP2C19;PTGS2;PTGS1
GO_BP,Negative Regulation Of Inflammatory Response (GO:0050728),9.163017404411213e-10,6.919910743811347e-08,384.55,10,SYK;SRC;ALOX5;NLRP3;GBA1;PPARG;AHR;TEK;PPARA;ELANE
Reactome,VEGFA-VEGFR2 Pathway R-HSA-4420097,3.4700142926598373e-09,1.198489551849436e-07,386.2,9,PIK3CA;SRC;AXL;KDR;AKT1;CTNNB1;PRKCA;PIK3R1;PTK2
Reactome,"Interleukin-3, Interleukin-5 And GM-CSF Signaling R-HSA-512988",5.9004046882943825e-09,1.8270908310649503e-07,652.73,7,SYK;PIK3CA;PRKCA;PIK3R1;JAK2;JAK3;IL2
GO_BP,Response To Cytokine (GO:0034097),2.9469754717909382e-09,2.0606998854597375e-07,318.55,10,APP;SRC;FLT3;BCL2;PRKCA;JAK2;JAK3;NFKB1;SNCA;MCL1
Reactome,Signaling By VEGF R-HSA-194138,7.911991309265709e-09,2.2203025611626894e-07,333.92,9,PIK3CA;SRC;AXL;KDR;AKT1;CTNNB1;PRKCA;PIK3R1;PTK2
Reactome,Hemostasis R-HSA-109582,3.714726555529261e-08,8.553396017603272e-07,101.56,17,APP;KDM1A;SYK;MMP1;SRC;PRKCA;PIK3R1;PTK2;TTR;CDK5;PIK3CA;THPO;AKT1;MAPK1;TEK;JAK2;TP53
GO_BP,Cellular Response To Oxidative Stress (GO:0034599),2.6537723567926678e-08,1.3917561693401546e-06,268.68,9,DAPK1;AKT1;MAPK1;MAPT;TP53;HIF1A;MMP9;EGFR;SNCA
Reactome,Interleukin-2 Family Signaling R-HSA-451927,1.9705849167761103e-07,3.5391705105298944e-06,439.83,6,SYK;PIK3CA;PIK3R1;JAK2;JAK3;IL2
Reactome,"Platelet Activation, Signaling And Aggregation R-HSA-76002",2.710609206889606e-07,4.7727981721311105e-06,128.04,11,APP;TTR;PIK3CA;THPO;SYK;SRC;AKT1;MAPK1;PRKCA;PIK3R1;PTK2
Reactome,Interleukin Receptor SHC Signaling R-HSA-912526,4.3868578580405505e-07,7.128083703585277e-06,595.35,5,PIK3CA;PIK3R1;JAK2;JAK3;IL2
GO_BP,Cellular Response To Cytokine Stimulus (GO:0071345),2.368775958932588e-07,7.453748350774543e-06,116.49,12,GSK3B;AXL;DAPK1;FLT3;ALOX15;AKT1;STAT6;GBA1;JAK2;HIF1A;JAK3;NFKB1
GO_MF,Vascular Endothelial Growth Factor Receptor Activity (GO:0005021),0.0004927044447159228,0.0037730787740087772,664.03,2,FLT3;KDR
GO_MF,Cytokine Receptor Binding (GO:0005126),0.002745913476450517,0.013776910718053457,43.42,4,SYK;JAK2;JAK3;IL2
GO_MF,Arachidonic Acid Epoxygenase Activity (GO:0008392),0.00333318632043643,0.016165953654116685,152.96,2,CYP2C9;CYP2C19
