source,target,string_score
CFTR,EGFR,0.408
CFTR,SRC,0.416
CFTR,PSMB5,0.433
CFTR,TP53,0.438
CFTR,SMN1,0.475
CFTR,SNCA,0.527
CFTR,ELANE,0.532
CFTR,ABCB1,0.572
CFTR,CTNNB1,0.581
CFTR,CA2,0.657
CFTR,ABCG2,0.733
HSD17B2,ESR1,0.514
HSD17B2,ESR2,0.574
HSD17B2,UGT1A1,0.701
HSD17B2,CYP3A4,0.932
HSD17B2,CYP1A1,0.962
HSD17B2,CYP19A1,0.966
MAPK1,KDR,0.404
MAPK1,MMP2,0.408
MAPK1,IL2,0.411
MAPK1,ALK,0.472
MAPK1,LMNA,0.496
MAPK1,MMP3,0.5
MAPK1,APEX1,0.513
MAPK1,AR,0.527
MAPK1,PKM,0.535
MAPK1,PTK2,0.551
MAPK1,EGFR,0.612
MAPK1,SNCA,0.627
MAPK1,NEK2,0.656
MAPK1,PIK3R1,0.659
MAPK1,MMP9,0.684
MAPK1,CDK1,0.693
MAPK1,PPARG,0.736
MAPK1,CTNNB1,0.736
MAPK1,MCL1,0.74
MAPK1,GSK3B,0.742
MAPK1,PTGS2,0.78
MAPK1,NFKB1,0.79
MAPK1,JAK2,0.794
MAPK1,CREBBP,0.803
MAPK1,PIK3CA,0.822
MAPK1,APP,0.827
MAPK1,PRKCA,0.931
MAPK1,SRC,0.932
MAPK1,ESR2,0.948
MAPK1,BRAF,0.949
MAPK1,MAPT,0.952
MAPK1,DAPK1,0.956
MAPK1,CREB1,0.962
MAPK1,BCL2,0.969
MAPK1,HIF1A,0.985
MAPK1,ESR1,0.987
MAPK1,AKT1,0.988
MAPK1,TP53,0.998
APEX1,CDK4,0.412
APEX1,MCL1,0.412
APEX1,ABCB1,0.423
APEX1,KDM1A,0.44
APEX1,PKM,0.473
APEX1,CREB1,0.645
APEX1,BCL2,0.65
APEX1,ESR1,0.679
APEX1,SIRT6,0.708
APEX1,HIF1A,0.782
APEX1,TP53,0.944
MMP2,ESR2,0.4
MMP2,BRAF,0.412
MMP2,AR,0.412
MMP2,AXL,0.416
MMP2,ABCB1,0.42
MMP2,CREB1,0.42
MMP2,SLC2A1,0.426
MMP2,MCL1,0.434
MMP2,CDK6,0.435
MMP2,NOX4,0.466
MMP2,IL2,0.472
MMP2,MPO,0.474
MMP2,TEK,0.482
MMP2,MMP13,0.49
MMP2,MMP12,0.492
MMP2,CDK4,0.506
MMP2,PPARG,0.511
MMP2,ELANE,0.523
MMP2,JAK2,0.523
MMP2,MMP3,0.527
MMP2,PPARA,0.531
MMP2,ADAMTS4,0.544
MMP2,BACE1,0.551
MMP2,ELAVL1,0.567
MMP2,GSK3B,0.571
MMP2,ESR1,0.58
MMP2,APP,0.592
MMP2,NFKB1,0.597
MMP2,PTK2,0.622
MMP2,KDR,0.628
MMP2,STAT6,0.631
MMP2,ALOX5,0.653
MMP2,TP53,0.669
MMP2,IGF1R,0.689
MMP2,EGFR,0.693
MMP2,MET,0.703
MMP2,BCL2,0.716
MMP2,HIF1A,0.731
MMP2,PTGS2,0.764
MMP2,CTNNB1,0.803
MMP2,AKT1,0.846
MMP2,MMP9,0.918
MMP2,MMP1,0.93
MMP2,MMP7,0.961
MMP2,SRC,0.972
MPO,BRAF,0.4
MPO,JAK2,0.408
MPO,DAO,0.43
MPO,HIF1A,0.434
MPO,NOX4,0.435
MPO,ALOX5,0.442
MPO,TP53,0.46
MPO,PPARG,0.486
MPO,ESR1,0.5
MPO,IL2,0.514
MPO,CXCR1,0.517
MPO,NFKB1,0.518
MPO,F2,0.522
MPO,NLRP3,0.544
MPO,AKT1,0.546
MPO,MMP12,0.556
MPO,FLT3,0.567
MPO,CD38,0.582
MPO,BCL2,0.583
MPO,MMP1,0.593
MPO,MMP3,0.616
MPO,PTGS2,0.641
MPO,XDH,0.647
MPO,MMP9,0.969
MPO,ELANE,0.999
CD38,JAK3,0.417
CD38,MCL1,0.436
CD38,NFKB1,0.447
CD38,SYK,0.462
CD38,DPP4,0.474
CD38,JAK2,0.487
CD38,BTK,0.592
CD38,AKT1,0.656
CD38,FLT3,0.668
CD38,IL2,0.691
CD38,BCL2,0.724
CD38,THPO,0.727
CD38,TP53,0.727
CD38,PRKCA,0.912
CD38,SIRT6,0.926
NFKB1,ABCG2,0.402
NFKB1,DPP4,0.402
NFKB1,SIRT6,0.412
NFKB1,IDH1,0.413
NFKB1,ELANE,0.415
NFKB1,PTGS1,0.418
NFKB1,AXL,0.422
NFKB1,TERT,0.423
NFKB1,CXCR1,0.428
NFKB1,ABCB1,0.43
NFKB1,XDH,0.436
NFKB1,ELAVL1,0.44
NFKB1,ESR2,0.442
NFKB1,ALOX5,0.449
NFKB1,MET,0.45
NFKB1,SLC2A1,0.452
NFKB1,KDR,0.461
NFKB1,PKM,0.462
NFKB1,AR,0.475
NFKB1,JAK3,0.482
NFKB1,MMP13,0.492
NFKB1,NOX4,0.494
NFKB1,BACE1,0.497
NFKB1,IGF1R,0.506
NFKB1,PTK2,0.506
NFKB1,PSMB5,0.54
NFKB1,CDK1,0.546
NFKB1,PPARA,0.581
NFKB1,MCL1,0.613
NFKB1,PIK3R1,0.626
NFKB1,JAK2,0.657
NFKB1,MMP1,0.659
NFKB1,CDK6,0.672
NFKB1,BRAF,0.684
NFKB1,MMP3,0.695
NFKB1,PIK3CA,0.697
NFKB1,CDK4,0.71
NFKB1,GSK3B,0.713
NFKB1,PRKCA,0.716
NFKB1,SYK,0.741
NFKB1,SRC,0.756
NFKB1,BTK,0.759
NFKB1,CREB1,0.773
NFKB1,MMP9,0.802
NFKB1,IL2,0.804
NFKB1,HIF1A,0.816
NFKB1,BCL2,0.818
NFKB1,EGFR,0.837
NFKB1,PTGS2,0.842
NFKB1,STAT6,0.858
NFKB1,APP,0.87
NFKB1,AKT1,0.896
NFKB1,CREBBP,0.913
NFKB1,ESR1,0.957
NFKB1,CTNNB1,0.964
NFKB1,PPARG,0.972
NFKB1,NLRP3,0.981
NFKB1,TP53,0.989
IL2,MCL1,0.418
IL2,CXCR1,0.418
IL2,ESR1,0.433
IL2,KDR,0.44
IL2,MMP1,0.441
IL2,F2,0.442
IL2,THPO,0.469
IL2,MMP3,0.471
IL2,BTK,0.477
IL2,NLRP3,0.478
IL2,CREB1,0.479
IL2,CCR4,0.481
IL2,DPP4,0.483
IL2,PPARG,0.484
IL2,SLC2A1,0.488
IL2,CTNNB1,0.527
IL2,PIK3R1,0.53
IL2,BRAF,0.542
IL2,PIK3CA,0.555
IL2,SRC,0.571
IL2,HIF1A,0.583
IL2,APP,0.588
IL2,MMP9,0.601
IL2,PTGS2,0.607
IL2,FLT3,0.638
IL2,AKT1,0.692
IL2,ITK,0.693
IL2,TP53,0.741
IL2,BCL2,0.758
IL2,STAT6,0.826
IL2,SYK,0.837
IL2,EGFR,0.851
IL2,JAK2,0.896
IL2,JAK3,0.999
DAO,XDH,0.4
DAO,MAOA,0.447
TTR,XDH,0.407
TTR,SHBG,0.41
TTR,IDH1,0.43
TTR,CYP3A4,0.45
TTR,CYP2C9,0.452
TTR,TERT,0.48
TTR,EGFR,0.62
TTR,F2,0.724
TTR,SNCA,0.753
TTR,APP,0.982
ADORA3,SRC,0.555
FLT3,CREBBP,0.405
FLT3,JAK2,0.426
FLT3,HIF1A,0.447
FLT3,NLRP3,0.461
FLT3,IGF1R,0.502
FLT3,MET,0.506
FLT3,CTNNB1,0.529
FLT3,MMP9,0.563
FLT3,EGFR,0.591
FLT3,MCL1,0.606
FLT3,BCL2,0.607
FLT3,SRC,0.649
FLT3,AKT1,0.68
FLT3,THPO,0.684
FLT3,TP53,0.722
FLT3,SYK,0.787
FLT3,IDH1,0.814
FLT3,PIK3R1,0.956
FLT3,PIK3CA,0.958
AHR,AR,0.443
AHR,UGT1A1,0.467
AHR,ESR2,0.507
AHR,CTNNB1,0.676
AHR,CYP1A2,0.866
AHR,ESR1,0.906
AHR,CYP1A1,0.973
ALOX12,PTK2,0.487
ALOX12,ALOX15,0.906
ALOX12,ALOX5,0.914
ALOX12,CYP2C19,0.915
ALOX12,CYP2C9,0.919
ALOX12,PTGS2,0.947
ALOX12,PTGS1,0.96
FABP4,CXCR1,0.405
FABP4,CTNNB1,0.432
FABP4,AKT1,0.512
FABP4,JAK2,0.523
FABP4,CREBBP,0.558
FABP4,CDK4,0.782
FABP4,PPARA,0.795
FABP4,PPARG,0.993
CDK4,PTGS2,0.418
CDK4,BRAF,0.422
CDK4,MET,0.427
CDK4,PPARG,0.429
CDK4,PIK3R1,0.448
CDK4,JAK3,0.519
CDK4,AR,0.551
CDK4,IDH1,0.551
CDK4,MMP9,0.563
CDK4,JAK2,0.571
CDK4,PKM,0.592
CDK4,SRC,0.592
CDK4,MCL1,0.598
CDK4,IGF1R,0.611
CDK4,HIF1A,0.62
CDK4,CYP19A1,0.663
CDK4,AKT1,0.691
CDK4,PIK3CA,0.709
CDK4,CDK5,0.71
CDK4,ESR1,0.718
CDK4,TERT,0.756
CDK4,CTNNB1,0.795
CDK4,GSK3B,0.805
CDK4,BCL2,0.815
CDK4,TP53,0.966
CDK4,CDK6,0.999
MMP7,MET,0.413
MMP7,ESR1,0.43
MMP7,ADAMTS4,0.435
MMP7,BRAF,0.435
MMP7,SRC,0.441
MMP7,HIF1A,0.474
MMP7,BCL2,0.481
MMP7,GSK3B,0.547
MMP7,EGFR,0.563
MMP7,MMP13,0.564
MMP7,AKT1,0.597
MMP7,ELANE,0.65
MMP7,PTGS2,0.671
MMP7,MMP12,0.737
MMP7,TP53,0.774
MMP7,MMP3,0.787
MMP7,CTNNB1,0.824
MMP7,MMP1,0.878
MMP7,MMP9,0.883
MMP13,PPARG,0.423
MMP13,TP53,0.435
MMP13,BCL2,0.494
MMP13,NLRP3,0.495
MMP13,DPP4,0.516
MMP13,HIF1A,0.517
MMP13,MMP12,0.539
MMP13,MMP3,0.557
MMP13,AKT1,0.578
MMP13,MMP9,0.589
MMP13,CTNNB1,0.596
MMP13,PTGS2,0.66
MMP13,MMP1,0.674
MMP13,ADAMTS4,0.902
CYP2C9,XDH,0.432
CYP2C9,PPARA,0.436
CYP2C9,MAOA,0.458
CYP2C9,CYP19A1,0.465
CYP2C9,TP53,0.473
CYP2C9,SLCO2B1,0.553
CYP2C9,F2,0.598
CYP2C9,ABCG2,0.67
CYP2C9,ABCB1,0.742
CYP2C9,CYP2D6,0.781
CYP2C9,ALOX15,0.921
CYP2C9,UGT1A1,0.932
CYP2C9,PTGS2,0.936
CYP2C9,PTGS1,0.936
CYP2C9,CYP1A2,0.947
CYP2C9,ALOX5,0.955
CYP2C9,CYP1A1,0.964
CYP2C9,CYP3A4,0.98
CYP2C9,CYP2C19,0.988
CREBBP,JAK3,0.419
CREBBP,MAPT,0.422
CREBBP,KDM1A,0.446
CREBBP,JAK2,0.451
CREBBP,BRAF,0.465
CREBBP,CYP1A1,0.481
CREBBP,ESR2,0.492
CREBBP,CDK1,0.533
CREBBP,IGF1R,0.579
CREBBP,GSK3B,0.603
CREBBP,PIK3R1,0.604
CREBBP,EGFR,0.653
CREBBP,PIK3CA,0.697
CREBBP,BCL2,0.739
CREBBP,APP,0.781
CREBBP,PPARA,0.838
CREBBP,AKT1,0.854
CREBBP,SRC,0.94
CREBBP,STAT6,0.957
CREBBP,AR,0.96
CREBBP,ESR1,0.993
CREBBP,PPARG,0.998
CREBBP,CTNNB1,0.999
CREBBP,HIF1A,0.999
CREBBP,CREB1,0.999
CREBBP,TP53,0.999
NOX4,EGFR,0.417
NOX4,NLRP3,0.457
NOX4,GSK3B,0.463
NOX4,PPARA,0.463
NOX4,IGF1R,0.488
NOX4,PTGS2,0.508
NOX4,TP53,0.519
NOX4,MMP9,0.538
NOX4,MMP1,0.54
NOX4,PPARG,0.542
NOX4,MAOA,0.562
NOX4,BCL2,0.574
NOX4,HIF1A,0.6
NOX4,KDR,0.613
NOX4,AKT1,0.686
NOX4,SRC,0.699
NOX4,XDH,0.726
KDR,PIM1,0.4
KDR,MMP3,0.404
KDR,PRKCA,0.408
KDR,SYK,0.412
KDR,MMP1,0.431
KDR,ITK,0.435
KDR,MCL1,0.445
KDR,ABCB1,0.46
KDR,IDH1,0.46
KDR,TERT,0.475
KDR,APP,0.484
KDR,PTGS2,0.511
KDR,ABCG2,0.511
KDR,IGF1R,0.552
KDR,ESR2,0.573
KDR,THPO,0.593
KDR,CXCR1,0.609
KDR,BCL2,0.609
KDR,SLC2A1,0.611
KDR,AXL,0.641
KDR,PPARG,0.644
KDR,ESR1,0.688
KDR,AKT1,0.715
KDR,TP53,0.73
KDR,TEK,0.744
KDR,HIF1A,0.785
KDR,EGFR,0.805
KDR,MMP9,0.811
KDR,MET,0.851
KDR,JAK2,0.926
KDR,PIK3R1,0.943
KDR,PTK2,0.958
KDR,PIK3CA,0.975
KDR,CTNNB1,0.996
KDR,SRC,0.998
PIK3CA,CREB1,0.433
PIK3CA,MCL1,0.492
PIK3CA,CYP19A1,0.517
PIK3CA,HIF1A,0.547
PIK3CA,PPARG,0.547
PIK3CA,AR,0.571
PIK3CA,ESR2,0.575
PIK3CA,CDK6,0.596
PIK3CA,BCL2,0.61
PIK3CA,GSK3B,0.63
PIK3CA,PRKCA,0.64
PIK3CA,TERT,0.675
PIK3CA,TEK,0.691
PIK3CA,IDH1,0.713
PIK3CA,AXL,0.743
PIK3CA,CTNNB1,0.901
PIK3CA,ITK,0.924
PIK3CA,SYK,0.935
PIK3CA,ESR1,0.941
PIK3CA,TP53,0.941
PIK3CA,BTK,0.946
PIK3CA,BRAF,0.947
PIK3CA,MET,0.961
PIK3CA,JAK3,0.967
PIK3CA,PTK2,0.97
PIK3CA,IGF1R,0.978
PIK3CA,ALK,0.979
PIK3CA,JAK2,0.98
PIK3CA,SRC,0.984
PIK3CA,AKT1,0.998
PIK3CA,EGFR,0.999
PIK3CA,PIK3R1,0.999
SLC2A9,XDH,0.696
SLC2A9,ABCG2,0.881
CDK6,IDH1,0.424
CDK6,CYP19A1,0.434
CDK6,PIK3R1,0.435
CDK6,AKT1,0.443
CDK6,MET,0.45
CDK6,MMP9,0.484
CDK6,CDK5,0.501
CDK6,AXL,0.512
CDK6,HIF1A,0.552
CDK6,SRC,0.552
CDK6,JAK2,0.561
CDK6,CDK1,0.579
CDK6,ESR1,0.585
CDK6,MCL1,0.589
CDK6,TERT,0.596
CDK6,AR,0.654
CDK6,BCL2,0.712
CDK6,CTNNB1,0.752
CDK6,TP53,0.808
NPC1,APP,0.447
NPC1,GBA,0.572
NPC1,FTO,0.628
TP53,TEK,0.417
TP53,XDH,0.431
TP53,TSHR,0.432
TP53,CYP3A4,0.437
TP53,MAPT,0.442
TP53,NEK2,0.454
TP53,UGT1A1,0.497
TP53,MMP3,0.507
TP53,MMP1,0.515
TP53,AXL,0.522
TP53,GBA,0.533
TP53,PPARA,0.541
TP53,PSMB5,0.542
TP53,SYK,0.558
TP53,JAK3,0.566
TP53,CYP19A1,0.574
TP53,CYP1A2,0.581
TP53,ABCG2,0.615
TP53,ABCB1,0.617
TP53,NLRP3,0.633
TP53,BTK,0.654
TP53,DPP4,0.656
TP53,LMNA,0.676
TP53,SNCA,0.681
TP53,CYP1A1,0.697
TP53,PRKCA,0.7
TP53,APP,0.714
TP53,SMN1,0.714
TP53,JAK2,0.728
TP53,SIRT6,0.748
TP53,ALK,0.772
TP53,ESR2,0.783
TP53,STAT6,0.803
TP53,MET,0.804
TP53,PKM,0.825
TP53,MMP9,0.838
TP53,ELAVL1,0.839
TP53,IDH1,0.845
TP53,IGF1R,0.853
TP53,PIK3R1,0.853
TP53,DAPK1,0.866
TP53,SRC,0.884
TP53,BRAF,0.887
TP53,TERT,0.902
TP53,AR,0.905
TP53,MCL1,0.918
TP53,CTNNB1,0.927
TP53,PTK2,0.928
TP53,KDM1A,0.941
TP53,EGFR,0.943
TP53,PPARG,0.949
TP53,CDK1,0.962
TP53,CDK5,0.967
TP53,SLC2A1,0.967
TP53,PTGS2,0.974
TP53,L3MBTL1,0.982
TP53,GSK3B,0.992
TP53,ESR1,0.992
TP53,AKT1,0.994
TP53,CREB1,0.998
TP53,HIF1A,0.999
TP53,BCL2,0.999
EGFR,PTGS1,0.406
EGFR,PPARA,0.431
EGFR,UGT1A1,0.435
EGFR,BTK,0.449
EGFR,ELAVL1,0.454
EGFR,CYP3A4,0.477
EGFR,SYK,0.484
EGFR,TEK,0.487
EGFR,ALK,0.505
EGFR,ACHE,0.506
EGFR,MMP12,0.513
EGFR,ESRRA,0.531
EGFR,STAT6,0.531
EGFR,CDK5,0.538
EGFR,GSK3B,0.574
EGFR,CREB1,0.576
EGFR,CYP1A1,0.592
EGFR,BRAF,0.601
EGFR,PKM,0.606
EGFR,CXCR1,0.617
EGFR,ABCB1,0.619
EGFR,CYP19A1,0.626
EGFR,PIM1,0.643
EGFR,LMNA,0.644
EGFR,ABCG2,0.671
EGFR,MCL1,0.675
EGFR,MMP1,0.694
EGFR,TERT,0.697
EGFR,SLC2A1,0.704
EGFR,THPO,0.705
EGFR,ITK,0.706
EGFR,SNCA,0.728
EGFR,MMP3,0.737
EGFR,ESR2,0.755
EGFR,AKT1,0.792
EGFR,AXL,0.792
EGFR,IDH1,0.795
EGFR,MMP9,0.827
EGFR,MAPT,0.83
EGFR,PTGS2,0.836
EGFR,BCL2,0.839
EGFR,PPARG,0.843
EGFR,CDK1,0.849
EGFR,AR,0.864
EGFR,APP,0.889
EGFR,PRKCA,0.932
EGFR,HIF1A,0.934
EGFR,JAK3,0.956
EGFR,JAK2,0.986
EGFR,ESR1,0.988
EGFR,IGF1R,0.989
EGFR,MET,0.996
EGFR,PIK3R1,0.998
EGFR,CTNNB1,0.998
EGFR,SRC,0.999
EGFR,PTK2,0.999
APP,IGF1R,0.406
APP,CDK1,0.431
APP,ESR1,0.435
APP,GBA,0.455
APP,HIF1A,0.483
APP,MAOA,0.491
APP,ELAVL1,0.495
APP,IDH1,0.508
APP,PPARG,0.548
APP,BCL2,0.594
APP,PTGS2,0.642
APP,MMP9,0.644
APP,AKT1,0.665
APP,BTK,0.697
APP,CREB1,0.713
APP,CTNNB1,0.814
APP,SRC,0.864
APP,CDK5,0.868
APP,GSK3B,0.897
APP,ACHE,0.937
APP,SNCA,0.993
APP,MAPT,0.995
APP,BACE1,0.999
CA2,BACE1,0.438
CA2,MMP9,0.454
CA2,CYP19A1,0.49
CA2,SRC,0.555
PPARG,ACHE,0.4
PPARG,MAOA,0.405
PPARG,NEK2,0.405
PPARG,SHBG,0.408
PPARG,ABCG2,0.408
PPARG,PKM,0.418
PPARG,MMP3,0.423
PPARG,TSHR,0.438
PPARG,CYP3A4,0.459
PPARG,XDH,0.481
PPARG,BACE1,0.493
PPARG,NLRP3,0.494
PPARG,TERT,0.501
PPARG,ALOX5,0.509
PPARG,AR,0.517
PPARG,CYP19A1,0.518
PPARG,ESR2,0.542
PPARG,ALOX15,0.544
PPARG,CYP1A1,0.552
PPARG,SLC2A1,0.575
PPARG,SYK,0.588
PPARG,SIRT6,0.605
PPARG,FTO,0.609
PPARG,DPP4,0.623
PPARG,GSK3B,0.634
PPARG,KDM1A,0.643
PPARG,PPARA,0.647
PPARG,IGF1R,0.648
PPARG,BCL2,0.649
PPARG,LMNA,0.666
PPARG,BRAF,0.671
PPARG,CREB1,0.672
PPARG,PTGS1,0.689
PPARG,JAK2,0.689
PPARG,PTGS2,0.735
PPARG,SRC,0.736
PPARG,MMP9,0.765
PPARG,AKT1,0.79
PPARG,ESR1,0.794
PPARG,PRKCA,0.808
PPARG,STAT6,0.833
PPARG,HIF1A,0.854
PPARG,ESRRA,0.898
PPARG,CDK5,0.909
PPARG,CTNNB1,0.994
SLCO2B1,CYP1A2,0.43
SLCO2B1,CYP2C19,0.448
SLCO2B1,ESR1,0.463
SLCO2B1,CYP2D6,0.472
SLCO2B1,UGT1A1,0.527
SLCO2B1,CYP3A4,0.625
SLCO2B1,ABCB1,0.679
SLCO2B1,ABCG2,0.775
ALOX15,STAT6,0.4
ALOX15,CYP3A4,0.912
ALOX15,ALOX5,0.914
ALOX15,CYP1A2,0.915
ALOX15,CYP2C19,0.92
ALOX15,PTGS1,0.96
ALOX15,PTGS2,0.963
CXCR1,AKT1,0.472
CXCR1,ELANE,0.481
CXCR1,CCR4,0.54
CXCR1,MMP9,0.605
CXCR1,SRC,0.677
CXCR1,F2,0.68
CXCR1,JAK3,0.723
CXCR1,JAK2,0.764
CXCR1,GRK6,0.829
MMP3,ESR1,0.409
MMP3,CDK1,0.412
MMP3,ELANE,0.452
MMP3,BCL2,0.478
MMP3,HIF1A,0.558
MMP3,CTNNB1,0.576
MMP3,AKT1,0.588
MMP3,STAT6,0.642
MMP3,PTGS2,0.673
MMP3,MMP12,0.764
MMP3,PRKCA,0.801
MMP3,ADAMTS4,0.863
MMP3,MMP9,0.956
MMP3,MMP1,0.985
STAT6,ALK,0.4
STAT6,CTNNB1,0.457
STAT6,SYK,0.461
STAT6,ITK,0.513
STAT6,PIM1,0.555
STAT6,SRC,0.573
STAT6,PIK3R1,0.588
STAT6,PPARA,0.59
STAT6,MMP1,0.593
STAT6,BTK,0.642
STAT6,CREB1,0.648
STAT6,MCL1,0.675
STAT6,PTGS2,0.717
STAT6,MMP9,0.72
STAT6,HIF1A,0.744
STAT6,BCL2,0.766
STAT6,AKT1,0.823
STAT6,JAK3,0.99
STAT6,JAK2,0.991
AXL,MMP9,0.401
AXL,PRKCA,0.453
AXL,BCL2,0.463
AXL,HIF1A,0.484
AXL,CTNNB1,0.553
AXL,SYK,0.555
AXL,AKT1,0.576
AXL,MET,0.621
AXL,PIK3R1,0.89
AXL,JAK2,0.915
AXL,SRC,0.983
ACHE,CYP3A4,0.41
ACHE,CYP2D6,0.412
ACHE,ELAVL1,0.422
ACHE,CDK5,0.451
ACHE,BCL2,0.465
ACHE,AKT1,0.495
ACHE,PTGS2,0.508
ACHE,CREB1,0.512
ACHE,GSK3B,0.517
ACHE,SNCA,0.541
ACHE,XDH,0.739
ACHE,MAOA,0.761
ACHE,MAPT,0.817
ACHE,BACE1,0.831
UGT1A1,ESR1,0.41
UGT1A1,PPARA,0.453
UGT1A1,ABCB1,0.683
UGT1A1,ABCG2,0.683
UGT1A1,CYP2C19,0.809
UGT1A1,CYP19A1,0.94
UGT1A1,CYP1A2,0.957
UGT1A1,CYP2D6,0.979
UGT1A1,CYP1A1,0.985
UGT1A1,CYP3A4,0.994
F2,CYP1A2,0.414
F2,THPO,0.452
F2,CYP3A4,0.572
F2,BTK,0.58
F2,JAK2,0.597
F2,ELANE,0.855
TERT,SIRT6,0.406
TERT,THPO,0.409
TERT,MMP9,0.41
TERT,SRC,0.412
TERT,PIK3R1,0.416
TERT,AR,0.42
TERT,GSK3B,0.435
TERT,PRKCA,0.463
TERT,TNKS,0.472
TERT,SMN1,0.483
TERT,CDK1,0.485
TERT,MET,0.541
TERT,ESR1,0.553
TERT,BCL2,0.586
TERT,ALK,0.591
TERT,JAK2,0.596
TERT,HIF1A,0.702
TERT,IDH1,0.781
TERT,BRAF,0.815
TERT,AKT1,0.903
TERT,CTNNB1,0.995
TNKS,NEK2,0.407
TNKS,PSMB5,0.433
TNKS,GSK3B,0.585
TNKS,CTNNB1,0.775
TNKS,MCL1,0.836
GBA,ABCG2,0.423
GBA,CYP2D6,0.559
GBA,MAPT,0.671
GBA,SNCA,0.963
MET,AKT1,0.408
MET,ABCB1,0.412
MET,PTGS2,0.422
MET,PKM,0.428
MET,DPP4,0.457
MET,MCL1,0.461
MET,ABCG2,0.492
MET,CYP1A2,0.504
MET,SYK,0.505
MET,AR,0.507
MET,GSK3B,0.555
MET,BCL2,0.6
MET,IGF1R,0.629
MET,HIF1A,0.639
MET,ESR1,0.68
MET,MMP9,0.746
MET,PIK3R1,0.872
MET,JAK2,0.92
MET,PTK2,0.935
MET,CTNNB1,0.985
MET,SRC,0.993
BACE1,MMP1,0.436
BACE1,PTGS2,0.446
BACE1,MAOA,0.454
BACE1,CTNNB1,0.505
BACE1,AKT1,0.524
BACE1,CREB1,0.541
BACE1,SNCA,0.657
BACE1,BCL2,0.67
BACE1,GSK3B,0.677
BACE1,MAPT,0.77
BACE1,CDK5,0.876
PKM,DAPK1,0.421
PKM,SIRT6,0.435
PKM,SRC,0.454
PKM,GSK3B,0.488
PKM,PTGS2,0.508
PKM,JAK2,0.644
PKM,BCL2,0.669
PKM,AKT1,0.681
PKM,IDH1,0.69
PKM,SLC2A1,0.814
PKM,CTNNB1,0.996
PKM,HIF1A,0.996
MMP1,SRC,0.406
MMP1,ESR1,0.41
MMP1,BCL2,0.447
MMP1,CTNNB1,0.486
MMP1,DPP4,0.536
MMP1,AKT1,0.578
MMP1,MMP12,0.625
MMP1,ELANE,0.657
MMP1,HIF1A,0.672
MMP1,ADAMTS4,0.679
MMP1,PTGS2,0.757
MMP1,MMP9,0.974
GSK3B,ABCG2,0.413
GSK3B,SLC2A1,0.413
GSK3B,MAOA,0.416
GSK3B,ABCB1,0.425
GSK3B,PSMB5,0.45
GSK3B,LMNA,0.476
GSK3B,CDK1,0.493
GSK3B,PIK3R1,0.497
GSK3B,PPARA,0.498
GSK3B,JAK2,0.51
GSK3B,KDM1A,0.524
GSK3B,PTGS2,0.573
GSK3B,MMP9,0.612
GSK3B,CDK5,0.627
GSK3B,ESR1,0.629
GSK3B,PRKCA,0.637
GSK3B,IGF1R,0.643
GSK3B,ESR2,0.648
GSK3B,HIF1A,0.653
GSK3B,PTK2,0.656
GSK3B,SNCA,0.67
GSK3B,MCL1,0.702
GSK3B,BCL2,0.731
GSK3B,AR,0.841
GSK3B,SRC,0.867
GSK3B,BRAF,0.925
GSK3B,CREB1,0.988
GSK3B,AKT1,0.996
GSK3B,MAPT,0.999
GSK3B,CTNNB1,0.999
CCR4,SRC,0.519
CCR4,GRK6,0.671
CCR4,JAK2,0.677
CCR4,JAK3,0.684
SIRT6,KDM1A,0.429
SIRT6,PPARA,0.432
SIRT6,LMNA,0.508
SIRT6,AKT1,0.695
SIRT6,HIF1A,0.98
NLRP3,XDH,0.4
NLRP3,JAK2,0.424
NLRP3,ELANE,0.442
NLRP3,MMP9,0.479
NLRP3,PTGS1,0.482
NLRP3,BCL2,0.516
NLRP3,SRC,0.53
NLRP3,AKT1,0.569
NLRP3,HIF1A,0.662
NLRP3,PTGS2,0.707
NLRP3,SYK,0.795
NLRP3,BTK,0.876
MAOA,ESR1,0.401
MAOA,AKT1,0.42
MAOA,PTGS2,0.466
MAOA,CREB1,0.488
MAOA,DPP4,0.522
MAOA,CYP1A2,0.54
MAOA,BCL2,0.562
MAOA,XDH,0.605
MAOA,SNCA,0.71
MAOA,CYP2C19,0.948
MAOA,CYP3A4,0.953
MAOA,CYP2D6,0.963
MAPT,SMN1,0.403
MAPT,SYK,0.408
MAPT,BCL2,0.413
MAPT,ESR1,0.418
MAPT,PRKCA,0.448
MAPT,CREB1,0.452
MAPT,PIK3R1,0.587
MAPT,CTNNB1,0.633
MAPT,CDK1,0.709
MAPT,AKT1,0.872
MAPT,SRC,0.897
MAPT,SNCA,0.994
MAPT,CDK5,0.999
PTK2,MCL1,0.413
PTK2,ALK,0.509
PTK2,TEK,0.558
PTK2,BCL2,0.585
PTK2,ESR2,0.588
PTK2,SYK,0.605
PTK2,CREB1,0.644
PTK2,MMP9,0.658
PTK2,HIF1A,0.733
PTK2,CTNNB1,0.802
PTK2,ESR1,0.836
PTK2,AKT1,0.879
PTK2,PRKCA,0.918
PTK2,JAK2,0.962
PTK2,IGF1R,0.978
PTK2,PIK3R1,0.988
PTK2,SRC,0.999
CYP1A2,HIF1A,0.432
CYP1A2,CYP2D6,0.443
CYP1A2,PPARA,0.45
CYP1A2,ESR1,0.492
CYP1A2,CYP19A1,0.522
CYP1A2,ABCG2,0.636
CYP1A2,ABCB1,0.676
CYP1A2,XDH,0.948
CYP1A2,CYP1A1,0.95
CYP1A2,CYP2C19,0.951
CYP1A2,CYP3A4,0.968
ESR2,PPARA,0.435
ESR2,SLC2A1,0.445
ESR2,MMP9,0.512
ESR2,CTNNB1,0.522
ESR2,PTGS2,0.53
ESR2,PIK3R1,0.53
ESR2,CYP1A1,0.568
ESR2,AR,0.588
ESR2,BCL2,0.599
ESR2,HIF1A,0.676
ESR2,AKT1,0.684
ESR2,CREB1,0.746
ESR2,SHBG,0.759
ESR2,IGF1R,0.813
ESR2,CYP19A1,0.925
ESR2,SRC,0.995
ESR2,ESR1,0.998
DPP4,CYP3A4,0.46
DPP4,MMP9,0.468
DPP4,PPARA,0.478
DPP4,AKT1,0.527
PTGS1,AKT1,0.415
PTGS1,ESR1,0.453
PTGS1,MMP9,0.454
PTGS1,PRKCA,0.468
PTGS1,BCL2,0.517
PTGS1,CYP2C19,0.935
PTGS1,PTGS2,0.946
PTGS1,ALOX5,0.97
PSMB5,HIF1A,0.481
PSMB5,SNCA,0.688
NEK2,AKT1,0.526
NEK2,CTNNB1,0.703
NEK2,CDK1,0.919
PTGS2,SYK,0.406
PTGS2,CYP3A4,0.406
PTGS2,ABCB1,0.41
PTGS2,SLC2A1,0.422
PTGS2,AR,0.423
PTGS2,SNCA,0.428
PTGS2,BRAF,0.428
PTGS2,IGF1R,0.433
PTGS2,CYP1A1,0.494
PTGS2,ADAMTS4,0.523
PTGS2,JAK2,0.528
PTGS2,MCL1,0.542
PTGS2,MMP12,0.573
PTGS2,CYP19A1,0.597
PTGS2,ELAVL1,0.621
PTGS2,PRKCA,0.626
PTGS2,CREB1,0.629
PTGS2,ESR1,0.674
PTGS2,XDH,0.704
PTGS2,PPARA,0.729
PTGS2,BCL2,0.745
PTGS2,CTNNB1,0.768
PTGS2,AKT1,0.775
PTGS2,SRC,0.778
PTGS2,MMP9,0.815
PTGS2,HIF1A,0.831
PTGS2,CYP2C19,0.927
PTGS2,ALOX5,0.973
ADAMTS4,MMP12,0.474
ADAMTS4,AKT1,0.55
ADAMTS4,MMP9,0.641
LMNA,BCL2,0.414
LMNA,ALK,0.481
LMNA,JAK2,0.547
LMNA,CDK1,0.612
LMNA,PRKCA,0.614
LMNA,AKT1,0.628
LMNA,BRAF,0.641
LMNA,SRC,0.672
LMNA,CTNNB1,0.686
LMNA,CDK5,0.771
MCL1,ABCG2,0.407
MCL1,ALK,0.412
MCL1,ABCB1,0.423
MCL1,JAK3,0.457
MCL1,SYK,0.465
MCL1,CREB1,0.468
MCL1,IGF1R,0.492
MCL1,MMP9,0.529
MCL1,BTK,0.541
MCL1,PIK3R1,0.588
MCL1,SRC,0.607
MCL1,BRAF,0.615
MCL1,JAK2,0.635
MCL1,ESR1,0.653
MCL1,ELAVL1,0.726
MCL1,CTNNB1,0.749
MCL1,BCL2,0.764
MCL1,CDK1,0.79
MCL1,HIF1A,0.825
MCL1,AKT1,0.867
CYP2C19,CYP19A1,0.519
CYP2C19,CYP1A1,0.583
CYP2C19,ABCG2,0.651
CYP2C19,ABCB1,0.858
CYP2C19,CYP2D6,0.925
CYP2C19,ALOX5,0.953
CYP2C19,CYP3A4,0.968
MMP9,SLC2A1,0.406
MMP9,ABCG2,0.438
MMP9,SYK,0.444
MMP9,PRKCA,0.458
MMP9,ABCB1,0.46
MMP9,PPARA,0.47
MMP9,ALOX5,0.478
MMP9,BRAF,0.483
MMP9,THPO,0.493
MMP9,AR,0.495
MMP9,CREB1,0.529
MMP9,XDH,0.564
MMP9,TEK,0.576
MMP9,ELAVL1,0.613
MMP9,JAK2,0.621
MMP9,CDK1,0.625
MMP9,IGF1R,0.688
MMP9,MMP12,0.697
MMP9,ESR1,0.772
MMP9,CTNNB1,0.799
MMP9,BCL2,0.804
MMP9,HIF1A,0.824
MMP9,AKT1,0.827
MMP9,SRC,0.97
MMP9,ELANE,0.973
PIM1,HIF1A,0.473
SRC,SLC2A1,0.414
SRC,ABCB1,0.433
SRC,ABCG2,0.437
SRC,IDH1,0.46
SRC,CYP19A1,0.478
SRC,SNCA,0.508
SRC,ESRRA,0.545
SRC,TSHR,0.569
SRC,PPARA,0.608
SRC,CREB1,0.628
SRC,CDK1,0.659
SRC,ALK,0.813
SRC,BRAF,0.842
SRC,BCL2,0.86
SRC,PRKCA,0.867
SRC,HIF1A,0.872
SRC,JAK2,0.917
SRC,ITK,0.939
SRC,AR,0.985
SRC,AKT1,0.995
SRC,IGF1R,0.996
SRC,PIK3R1,0.998
SRC,ESR1,0.999
SRC,SYK,0.999
SRC,CTNNB1,0.999
ALOX5,PPARA,0.403
ALOX5,AKT1,0.417
AR,CYP3A4,0.423
AR,CREB1,0.464
AR,CDK1,0.484
AR,BCL2,0.623
AR,ELAVL1,0.624
AR,PIK3R1,0.678
AR,BRAF,0.683
AR,SHBG,0.697
AR,CYP19A1,0.787
AR,IGF1R,0.808
AR,HIF1A,0.871
AR,AKT1,0.895
AR,ESR1,0.981
AR,KDM1A,0.996
AR,CTNNB1,0.996
SYK,ABCG2,0.449
SYK,CTNNB1,0.595
SYK,JAK3,0.621
SYK,AKT1,0.628
SYK,BCL2,0.67
SYK,ITK,0.726
SYK,JAK2,0.851
SYK,PIK3R1,0.98
SYK,BTK,0.999
XDH,ABCG2,0.427
XDH,HIF1A,0.449
XDH,CYP3A4,0.453
XDH,ESR1,0.469
XDH,BCL2,0.494
XDH,AKT1,0.546
XDH,PPARA,0.612
TEK,CTNNB1,0.497
TEK,HIF1A,0.649
TEK,AKT1,0.659
TEK,PIK3R1,0.735
TEK,THPO,0.794
SHBG,CYP3A4,0.432
SHBG,FTO,0.495
SHBG,ESR1,0.729
SHBG,CYP19A1,0.769
SMN1,ELAVL1,0.488
SMN1,BCL2,0.635
JAK2,ESR1,0.538
JAK2,BRAF,0.585
JAK2,CTNNB1,0.644
JAK2,IDH1,0.679
JAK2,CREB1,0.68
JAK2,BCL2,0.72
JAK2,AKT1,0.732
JAK2,HIF1A,0.784
JAK2,THPO,0.919
JAK2,ALK,0.936
JAK2,JAK3,0.975
JAK2,IGF1R,0.981
JAK2,PIK3R1,0.987
ALK,BRAF,0.405
ALK,HIF1A,0.416
ALK,ABCG2,0.423
ALK,ABCB1,0.429
ALK,SLC2A1,0.489
ALK,ESR1,0.525
ALK,BCL2,0.579
ALK,IDH1,0.591
ALK,CTNNB1,0.625
ALK,JAK3,0.95
ALK,PIK3R1,0.973
CYP1A1,CTNNB1,0.402
CYP1A1,BCL2,0.411
CYP1A1,AKT1,0.43
CYP1A1,ABCG2,0.568
CYP1A1,ABCB1,0.587
CYP1A1,PPARA,0.719
CYP1A1,ESR1,0.785
CYP1A1,CYP2D6,0.936
CYP1A1,CYP19A1,0.953
CYP1A1,CYP3A4,0.987
CDK1,CDK5,0.461
CDK1,CREB1,0.502
CDK1,ESR1,0.544
CDK1,ELAVL1,0.558
CDK1,AKT1,0.562
CDK1,CTNNB1,0.7
CDK1,HIF1A,0.793
CDK1,BCL2,0.92
CYP19A1,CREB1,0.469
CYP19A1,CTNNB1,0.506
CYP19A1,BCL2,0.524
CYP19A1,CYP2D6,0.525
CYP19A1,IGF1R,0.556
CYP19A1,ESRRA,0.56
CYP19A1,AKT1,0.748
CYP19A1,ESR1,0.927
CYP19A1,CYP3A4,0.95
BCL2,CDK5,0.452
BCL2,JAK3,0.503
BCL2,SLC2A1,0.512
BCL2,IDH1,0.519
BCL2,SNCA,0.527
BCL2,ESRRA,0.544
BCL2,ABCG2,0.603
BCL2,ELAVL1,0.638
BCL2,PPARA,0.649
BCL2,BTK,0.665
BCL2,ABCB1,0.674
BCL2,PIK3R1,0.675
BCL2,PRKCA,0.695
BCL2,DAPK1,0.726
BCL2,BRAF,0.761
BCL2,IGF1R,0.781
BCL2,CTNNB1,0.781
BCL2,ESR1,0.897
BCL2,CREB1,0.925
BCL2,HIF1A,0.946
BCL2,AKT1,0.993
KDM1A,L3MBTL1,0.414
KDM1A,ELAVL1,0.42
KDM1A,HIF1A,0.437
KDM1A,IDH1,0.437
KDM1A,AKT1,0.468
KDM1A,CREB1,0.595
KDM1A,CTNNB1,0.839
KDM1A,ESR1,0.962
ESRRA,AKT1,0.509
ESRRA,CTNNB1,0.547
ESRRA,PPARA,0.641
ESRRA,HIF1A,0.662
ESRRA,CREB1,0.72
ESRRA,ESR1,0.888
ELAVL1,AKT1,0.498
ELAVL1,FTO,0.58
ELAVL1,HIF1A,0.769
ELAVL1,CTNNB1,0.82
ELAVL1,PRKCA,0.902
PPARA,JAK3,0.447
PPARA,CTNNB1,0.473
PPARA,PIK3R1,0.523
PPARA,PRKCA,0.524
PPARA,CYP3A4,0.549
PPARA,CREB1,0.593
PPARA,ESR1,0.618
PPARA,SLC2A1,0.693
PPARA,AKT1,0.7
PPARA,HIF1A,0.761
DAPK1,ESR1,0.426
CREB1,BRAF,0.459
CREB1,FTO,0.481
CREB1,SNCA,0.504
CREB1,IGF1R,0.509
CREB1,PIK3R1,0.558
CREB1,CDK5,0.579
CREB1,ESR1,0.757
CREB1,PRKCA,0.803
CREB1,HIF1A,0.833
CREB1,CTNNB1,0.95
CREB1,AKT1,0.965
IDH1,JAK3,0.522
IDH1,PIK3R1,0.527
IDH1,SLC2A1,0.535
IDH1,AKT1,0.619
IDH1,CTNNB1,0.624
IDH1,HIF1A,0.688
IDH1,BRAF,0.799
ITK,BTK,0.491
ITK,PIK3R1,0.949
ESR1,SLC2A1,0.41
ESR1,PRKCA,0.433
ESR1,SNCA,0.442
ESR1,ELANE,0.448
ESR1,ABCB1,0.528
ESR1,ABCG2,0.552
ESR1,CYP3A4,0.681
ESR1,CYP2D6,0.712
ESR1,BRAF,0.746
ESR1,AKT1,0.913
ESR1,HIF1A,0.948
ESR1,CTNNB1,0.965
ESR1,PIK3R1,0.994
ESR1,IGF1R,0.999
PRKCA,ABCB1,0.541
PRKCA,HIF1A,0.62
PRKCA,CTNNB1,0.748
PRKCA,BRAF,0.937
SLC2A1,BRAF,0.437
SLC2A1,ABCB1,0.521
SLC2A1,CTNNB1,0.526
SLC2A1,ABCG2,0.528
SLC2A1,TSHR,0.541
SLC2A1,IGF1R,0.623
SLC2A1,AKT1,0.708
SLC2A1,HIF1A,0.902
BRAF,ABCG2,0.419
BRAF,ABCB1,0.435
BRAF,TSHR,0.545
BRAF,HIF1A,0.591
BRAF,PIK3R1,0.6
BRAF,AKT1,0.783
BRAF,CTNNB1,0.795
CDK5,CTNNB1,0.653
CDK5,SNCA,0.672
PIK3R1,TSHR,0.417
PIK3R1,SNCA,0.42
PIK3R1,CTNNB1,0.858
PIK3R1,JAK3,0.932
PIK3R1,BTK,0.947
PIK3R1,IGF1R,0.994
PIK3R1,AKT1,0.995
JAK3,THPO,0.453
JAK3,CTNNB1,0.47
HIF1A,ABCG2,0.512
HIF1A,ABCB1,0.536
HIF1A,IGF1R,0.752
HIF1A,AKT1,0.932
HIF1A,CTNNB1,0.998
TSHR,CTNNB1,0.4
TSHR,AKT1,0.403
TSHR,IGF1R,0.951
AKT1,THPO,0.422
AKT1,ELANE,0.452
AKT1,CYP3A4,0.453
AKT1,BTK,0.61
AKT1,ABCB1,0.616
AKT1,ABCG2,0.619
AKT1,IGF1R,0.619
AKT1,SNCA,0.661
AKT1,CTNNB1,0.979
MMP12,ELANE,0.744
ABCB1,IGF1R,0.463
ABCB1,ABCG2,0.549
ABCB1,CTNNB1,0.581
ABCB1,CYP2D6,0.779
ABCB1,CYP3A4,0.886
BTK,CTNNB1,0.616
CTNNB1,ABCG2,0.593
CTNNB1,IGF1R,0.985
CYP2D6,SNCA,0.461
CYP2D6,ABCG2,0.638
CYP2D6,CYP3A4,0.961
IGF1R,ABCG2,0.418
ABCG2,CYP3A4,0.793
