compound,gene,max_pchembl
emodin,ESR1,6.11
emodin,ESR2,5.82
emodin,CSNK2A1,6.05
emodin,LMNA,8.25
emodin,TSHR,5.6
emodin,MAPT,5.05
emodin,CYP2C19,5.1
emodin,HIF1A,5.0
emodin,ALOX15,5.0
emodin,BLM,5.45
emodin,HSD17B10,6.4
emodin,CYP3A4,5.0
emodin,CYP2C9,5.4
emodin,PTP4A3,5.46
emodin,PIM1,5.6
emodin,AKR1B1,5.67
emodin,CYP1A2,5.43
emodin,PSMB5,5.91
emodin,PSMB1,6.62
emodin,HDAC6,5.97
emodin,MAOA,5.37
emodin,MAOB,5.49
emodin,FTO,5.34
emodin,CYP1B1,5.43
aloe-emodin,MAOA,5.75
rhein,RECQL,5.5
rhein,SMN1,5.55
rhein,TDP1,6.3
rhein,MAPT,5.0
rhein,CYP3A4,5.0
rhein,ALKBH5,5.05
rhein,FTO,5.66
rhein,ALKBH2,5.04
rhein,ALKBH3,5.28
chrysophanol,RECQL,5.15
chrysophanol,MAPT,5.65
chrysophanol,MAPK1,5.5
physcion,ELANE,5.21
physcion,MAPT,5.45
emodin-8-glucoside,ESR1,5.24
baicalein,ALOX12,6.07
baicalein,ALOX15,6.22
baicalein,XDH,5.55
baicalein,RECQL,5.3
baicalein,HSD17B10,5.7
baicalein,KDM4E,6.05
baicalein,APEX1,6.2
baicalein,MAPT,5.1
baicalein,CYP2C19,5.3
baicalein,USP2,6.2
baicalein,HPGD,5.5
baicalein,TP53,6.2
baicalein,BLM,5.2
baicalein,CYP2C9,5.3
baicalein,CYP1A2,6.3
baicalein,CYP1A1,5.91
baicalein,CYP1B1,6.58
baicalein,UGT1A1,5.36
baicalein,GRK6,5.06
baicalein,CYP3A4,5.04
baicalein,YES1,5.48
baicalein,SNCA,5.09
baicalein,HDAC6,5.92
baicalein,PLK1,5.05
baicalein,HDAC8,5.4
baicalin,KDM1A,5.52
baicalin,PLK1,5.44
wogonin,KDM1A,5.05
wogonin,CDK2,5.84
wogonin,PKM,5.7
wogonin,CDK9,6.72
wogonoside,KDM1A,5.53
oroxylin A,CREB1,5.66
oroxylin A,FLT3,5.83
oroxylin A,SLCO2B1,5.15
scutellarein,AMY1A,5.02
scutellarein,CYP1A1,5.79
scutellarein,CYP1B1,6.66
scutellarein,GRK6,5.18
scutellarein,PTPRS,6.22
scutellarein,SETD7,5.71
scutellarein,EZH1,5.06
scutellarein,KMT2A,5.54
scutellarein,NSD2,5.58
scutellarein,SLCO2B1,6.46
glycyrrhizic acid,HSD11B1,8.22
glycyrrhizic acid,HSD11B2,9.4
liquiritigenin,CYP19A1,6.47
liquiritigenin,ESR2,7.44
isoliquiritigenin,GBA1,5.4
isoliquiritigenin,LMNA,5.2
isoliquiritigenin,CYP2C19,5.4
isoliquiritigenin,MAPT,5.45
isoliquiritigenin,CYP3A4,5.4
isoliquiritigenin,CYP2C9,5.1
isoliquiritigenin,AKR1B1,6.5
isoliquiritigenin,HSD17B2,6.44
isoliquiritigenin,HSD17B1,5.55
isoliquiritigenin,CYP19A1,5.55
isoliquiritigenin,ESR1,5.73
isoliquiritigenin,ESR2,6.57
isoliquiritigenin,NLRP3,5.81
isoliquiritigenin,PSMB5,5.31
isoliquiritigenin,MMP13,7.85
isoliquiritigenin,MMP9,8.0
isoliquiritigenin,MMP7,8.1
isoliquiritigenin,MMP3,7.09
isoliquiritigenin,MMP2,8.0
isoliquiritigenin,MMP1,7.8
isoliquiritigenin,DAPK1,5.61
formononetin,CYP2C19,5.1
formononetin,MAPT,5.3
formononetin,TP53,5.8
formononetin,CYP2D6,5.0
formononetin,CYP2C9,8.0
formononetin,IL2,5.26
formononetin,CYP1B1,5.43
formononetin,HDAC6,6.54
formononetin,BCL2,8.0
glabridin,CYP3A4,5.16
glabridin,TTR,5.19
glabridin,TYR,7.05
licochalcone A,IDH1,5.55
licochalcone A,UGT1A1,6.01
licochalcone A,ABCG2,8.21
paeonol,MAPK1,5.2
paeonol,CYP3A4,5.9
(+)-catechin,SOST,5.8
benzoic acid,TSHR,5.0
benzoic acid,DAO,5.7
benzoic acid,NAPRT,8.72
oleic acid,FABP4,6.73
oleic acid,FABP5,6.61
oleic acid,FAAH,5.22
oleic acid,FABP1,6.7
oleic acid,PPARA,6.22
oleic acid,PPARD,5.28
oleic acid,PPARG,5.39
oleic acid,TERT,5.07
oleic acid,PTPN1,5.21
oleic acid,PTGS1,5.45
oleic acid,FLT3,6.29
aucubin,L3MBTL1,7.2
acteoside,PRKCA,5.03
acteoside,BACE1,8.2
acteoside,KDM1A,5.44
fisetin,CDK6,6.07
fisetin,CDK2,5.3
fisetin,ALOX12,6.02
fisetin,ALOX15,5.85
fisetin,XDH,5.36
fisetin,RECQL,5.5
fisetin,APEX1,6.05
fisetin,MAPT,5.3
fisetin,CREBBP,5.1
fisetin,HPGD,5.05
fisetin,MAPK1,5.1
fisetin,HSD17B10,5.9
fisetin,TP53,5.7
fisetin,ACHE,7.92
fisetin,CSNK2A1,6.46
fisetin,HDAC6,5.64
fisetin,PKM,6.05
fisetin,SLCO2B1,5.17
fisetin,RPS6KA1,5.42
fisetin,RPS6KA3,5.56
fisetin,RPS6KA2,6.05
fisetin,FTO,5.04
butein,EGFR,5.1
butein,HSD17B2,5.14
butein,HDAC6,5.67
butein,PIK3CA,5.19
butein,AKR1B1,6.3
butin,CYP19A1,5.02
sulfuretin,MCL1,5.81
sulfuretin,NPC1,5.25
sulfuretin,STK17B,5.99
sulfuretin,STK17A,5.23
sulfuretin,DAPK2,5.51
sulfuretin,DAPK3,5.63
sulfuretin,BLK,5.54
sulfuretin,ITK,5.7
sulfuretin,TEK,6.02
sulfuretin,JAK2,5.03
sulfuretin,JAK3,5.37
sulfuretin,SYK,5.33
sulfuretin,AURKA,6.07
sulfuretin,BTK,5.22
sulfuretin,CDK4,5.55
sulfuretin,CDK5,5.82
sulfuretin,CDK6,5.61
sulfuretin,CDK9,5.67
sulfuretin,GSK3B,5.71
sulfuretin,MAOA,5.38
gallic acid,CA14,5.15
gallic acid,CA12,5.11
gallic acid,CA9,5.16
gallic acid,CA7,5.22
gallic acid,CA6,5.21
gallic acid,CA5B,5.0
gallic acid,CA5A,5.39
gallic acid,CA4,5.01
gallic acid,CA3,5.13
gallic acid,CA2,5.65
gallic acid,CA1,5.5
gallic acid,LMNA,6.55
gallic acid,KDM4E,6.45
gallic acid,TDP1,6.0
gallic acid,MAPT,5.9
gallic acid,ALDH1A1,5.7
gallic acid,HPGD,5.15
gallic acid,HSD17B10,7.3
gallic acid,TP53,5.0
gallic acid,FUT7,7.22
gallic acid,DPP4,5.33
gallic acid,GALNT2,6.03
gallic acid,SNCA,5.35
quercetin,PIM1,7.6
quercetin,ALOX5,6.1
quercetin,ALOX12,6.36
quercetin,ALOX15,6.1
quercetin,PIK3R1,5.42
quercetin,PLA2G1B,5.7
quercetin,AKR1B1,7.83
quercetin,GLO1,5.5
quercetin,XDH,6.55
quercetin,HSD17B2,5.81
quercetin,EGFR,6.05
quercetin,ABCC1,5.62
quercetin,CSNK2A1,5.93
quercetin,MAOA,5.82
quercetin,CA4,5.1
quercetin,CA3,5.09
quercetin,CA2,5.59
quercetin,CA1,5.57
quercetin,CA5A,5.17
quercetin,CA6,5.21
quercetin,CA7,5.32
quercetin,CA9,5.16
quercetin,CA12,5.03
quercetin,CA14,5.27
quercetin,DRD4,5.11
quercetin,CYP19A1,7.92
quercetin,CYP1A2,6.5
quercetin,CYP1A1,6.18
quercetin,CYP1B1,7.64
quercetin,NOX4,6.17
quercetin,CDK1,6.35
quercetin,NFKB1,5.25
quercetin,RECQL,6.2
quercetin,HSD17B10,6.9
quercetin,KDM4E,5.05
quercetin,TSHR,5.0
quercetin,MAPT,5.6
quercetin,HIF1A,5.0
quercetin,STAT6,5.6
quercetin,HPGD,5.05
quercetin,TP53,6.0
quercetin,NPSR1,6.8
quercetin,CYP3A4,5.68
quercetin,CYP2C9,5.1
quercetin,POLB,6.7
quercetin,ABCG2,7.52
quercetin,ABCB1,5.15
quercetin,GPR35,5.23
quercetin,MMP2,5.17
quercetin,MMP3,5.25
quercetin,MMP9,6.76
quercetin,MMP13,5.07
quercetin,CAMK2B,5.52
quercetin,MPO,5.94
quercetin,GSK3B,5.7
quercetin,BACE1,6.26
quercetin,AVPR2,5.2
quercetin,CXCR1,5.35
quercetin,CCR4,5.0
quercetin,FLT3,6.23
quercetin,F2,7.41
quercetin,KDR,6.55
quercetin,SRC,6.92
quercetin,PKN1,5.24
quercetin,PLK1,5.24
quercetin,NEK6,5.37
quercetin,NEK2,5.24
quercetin,MET,6.24
quercetin,IGF1R,6.52
quercetin,PTK2,5.92
quercetin,AXL,6.02
quercetin,AURKB,6.04
quercetin,NUAK1,5.29
quercetin,ALK,5.48
quercetin,AKT1,5.27
quercetin,PYGL,5.32
quercetin,CYP2C8,5.92
quercetin,DAPK1,5.05
quercetin,APP,6.09
quercetin,ELAVL1,5.85
quercetin,ELAVL3,5.75
quercetin,DPP4,5.54
quercetin,BRAF,5.12
quercetin,KDM1A,5.9
quercetin,IP6K2,6.16
quercetin,IPMK,5.64
quercetin,TRPC5,5.19
quercetin,PSMB5,5.7
quercetin,YES1,6.33
quercetin,HDAC6,6.09
quercetin,SPHK1,5.55
quercetin,SIRT6,5.72
quercetin,ACHE,5.54
quercetin,SLCO2B1,5.14
quercetin,ADORA3,5.38
quercetin,PTGS2,5.97
quercetin,CHRM2,5.0
quercetin,PNLIP,5.82
quercetin,CTNNB1,5.3
quercetin,AKR1B10,5.72
quercetin,FTO,5.02
kaempferol,CYP2C9,8.9
kaempferol,ALOX5,5.57
kaempferol,AHR,7.55
kaempferol,XDH,5.97
kaempferol,HSD17B1,5.98
kaempferol,HSD17B2,6.44
kaempferol,ABCC1,5.62
kaempferol,AR,5.01
kaempferol,CYP1A2,7.1
kaempferol,CYP1A1,6.2
kaempferol,CYP1B1,7.37
kaempferol,NOX4,5.92
kaempferol,LMNA,5.45
kaempferol,TDP1,5.7
kaempferol,CYP2C19,5.2
kaempferol,HIF1A,5.8
kaempferol,ALOX15,5.1
kaempferol,TP53,5.4
kaempferol,CYP3A4,5.1
kaempferol,CYP2D6,5.0
kaempferol,ABCG2,5.33
kaempferol,ABCB1,5.17
kaempferol,CTDSP1,5.0
kaempferol,AKR1B1,5.0
kaempferol,FLT3,5.63
kaempferol,ESRRA,5.02
kaempferol,DAPK1,5.0
kaempferol,CA2,5.02
kaempferol,CA7,7.6
kaempferol,CA12,6.84
kaempferol,TYR,6.0
kaempferol,CISD1,6.88
kaempferol,SLC2A1,5.4
kaempferol,MPO,5.65
kaempferol,DPP4,6.31
kaempferol,IP6K2,5.6
kaempferol,IPMK,5.36
kaempferol,TRPC5,5.41
kaempferol,YES1,5.17
kaempferol,HDAC6,5.77
kaempferol,RPS6KA3,5.77
luteolin,GLO1,5.11
luteolin,XDH,6.26
luteolin,MAOA,5.31
luteolin,CYP1A2,6.6
luteolin,CYP1A1,6.05
luteolin,CYP1B1,7.25
luteolin,NOX4,6.07
luteolin,LMNA,5.5
luteolin,RECQL,5.2
luteolin,HSD17B10,5.0
luteolin,KDM4E,5.05
luteolin,SMN1,5.05
luteolin,HIF1A,6.4
luteolin,ALDH1A1,5.05
luteolin,ALOX15,5.8
luteolin,ALOX12,5.6
luteolin,TP53,5.5
luteolin,POLB,5.15
luteolin,CYP3A4,5.3
luteolin,ABCG2,5.05
luteolin,CD38,5.09
luteolin,GPR35,5.5
luteolin,MMP2,5.44
luteolin,MMP9,5.25
luteolin,MMP12,6.01
luteolin,MMP13,5.0
luteolin,SYK,5.35
luteolin,GSK3B,5.82
luteolin,FLT3,6.08
luteolin,PARP1,5.38
luteolin,TNKS2,5.97
luteolin,TNKS,5.62
luteolin,AKR1B1,6.22
luteolin,ALOX5,5.8
luteolin,TTR,7.16
luteolin,APP,5.19
luteolin,CA2,5.43
luteolin,CA7,8.33
luteolin,CA12,7.22
luteolin,CA4,6.53
luteolin,AKR1B10,5.04
luteolin,ELANE,5.0
luteolin,DPP4,6.92
luteolin,IP6K2,5.89
luteolin,IPMK,5.26
luteolin,PSMB5,5.89
luteolin,YES1,5.62
luteolin,SETD7,5.22
luteolin,MKNK2,6.24
luteolin,MKNK1,6.75
luteolin,HDAC6,5.84
luteolin,SIRT6,5.72
luteolin,ADAMTS4,5.01
luteolin,BACE1,6.28
luteolin,SLCO2B1,5.41
luteolin,RPS6KA3,5.36
luteolin,CYP19A1,5.92
luteolin,SLC16A1,6.39
luteolin,PKMYT1,5.82
luteolin,QPCTL,5.03
luteolin,FTO,5.12
beta-sitosterol,F2,6.57
naringenin,SHBG,6.02
naringenin,CBR1,5.46
naringenin,HSD17B1,5.3
naringenin,ABCC1,5.62
naringenin,CYP19A1,8.54
naringenin,CYP1B1,5.44
naringenin,TDP1,5.15
naringenin,CYP2C19,5.4
naringenin,CYP3A4,5.3
naringenin,CYP1A2,5.5
naringenin,CA4,7.1
naringenin,CA7,8.37
naringenin,CA12,7.35
naringenin,DPP4,6.62
naringenin,TTR,5.79
apigenin,ESR2,6.89
apigenin,ESR1,5.9
apigenin,CDK6,5.77
apigenin,CYP19A1,6.05
apigenin,PTGS2,5.1
apigenin,XDH,6.28
apigenin,HSD17B1,6.15
apigenin,CSNK2A1,6.13
apigenin,ABCC1,5.62
apigenin,AR,5.28
apigenin,MAOA,6.19
apigenin,CYP1A2,7.2
apigenin,CYP1A1,6.41
apigenin,CYP1B1,7.6
apigenin,NOX4,5.95
apigenin,TSHR,5.4
apigenin,TDP1,5.75
apigenin,MAPT,5.5
apigenin,CYP2C19,5.1
apigenin,HIF1A,5.7
apigenin,ALDH1A1,5.75
apigenin,PKM,6.0
apigenin,ALOX15,5.3
apigenin,NPC1,5.24
apigenin,USP2,5.0
apigenin,HPGD,5.45
apigenin,THPO,6.3
apigenin,TP53,5.4
apigenin,HSD17B10,6.4
apigenin,CYP3A4,5.9
apigenin,CYP2C9,5.3
apigenin,ABCG2,5.51
apigenin,ABCB1,5.0
apigenin,SYK,5.52
apigenin,GSK3B,5.72
apigenin,ACHE,7.92
apigenin,FLT3,5.84
apigenin,TNKS2,5.54
apigenin,TNKS,5.51
apigenin,CFTR,5.32
apigenin,TTR,6.6
apigenin,AKR1B10,5.22
apigenin,MPO,5.42
apigenin,MAOB,5.95
apigenin,DPP4,6.85
apigenin,NLRP3,5.0
apigenin,IP6K2,5.15
apigenin,PSMB5,6.0
apigenin,MKNK2,6.51
apigenin,HDAC6,5.99
apigenin,BACE1,5.42
apigenin,SLC2A9,5.58
