CFTR	IL13
CFTR	EGFR
CFTR	PROC
CFTR	ABCB5
CFTR	SRC
CFTR	TUBB3
CFTR	AVPR2
CFTR	PSMB5
CFTR	IL7R
CFTR	TP53
CFTR	PSMC3
CFTR	PSMB1
CFTR	ATP4A
CFTR	ARL13B
CFTR	SLC12A1
CFTR	SMN1
CFTR	IL6
CFTR	CISD1
CFTR	SALL3
CFTR	MTHFR
CFTR	ALB
CFTR	PDE3A
CFTR	CA6
CFTR	SNCA
CFTR	ELANE
CFTR	ABCB1
CFTR	CTNNB1
CFTR	SERPINA1
CFTR	PSMA3
CFTR	CA2
CFTR	HBB
CFTR	ABCG2
CFTR	HDAC6
CFTR	ANO1
CFTR	HSPA4
QPCTL	SLC39A8
QPCTL	FTO
QPCTL	GIPR
TTC17	LYPLAL1
ZPBP	DNAH17
ZPBP	IKZF1
HSD17B10	CA3
HSD17B10	ESR2
HSD17B10	WWOX
HSD17B10	ESR1
HSD17B10	HSD17B1
HSD17B10	APP
GPATCH1	PLRG1
DRD4	CUX2
DRD4	NR3C1
DRD4	DAO
DRD4	GRIN2B
DRD4	AVPR2
DRD4	ADCY1
DRD4	CHRM2
DRD4	SRC
DRD4	MTHFR
DRD4	TPH2
DRD4	MAOB
DRD4	MAOA
CA12	ESR1
CA12	CA7
CA12	SERPINE1
CA12	PSMC3
CA12	HIF1A
CA12	CA1
CA12	ALB
CA12	CA14
CA12	SLC2A1
CA12	CA4
CA12	CA9
CA12	CYP24A1
HSD17B2	F9
HSD17B2	HSD11B1
HSD17B2	ESR1
HSD17B2	ESR2
HSD17B2	HPGD
HSD17B2	UGT1A1
HSD17B2	CYP3A4
HSD17B2	CYP1B1
HSD17B2	CYP1A1
HSD17B2	CYP19A1
HSD17B2	HSD17B1
CBX5	MEF2D
CBX5	HDLBP
CBX5	MYC
CBX5	L3MBTL1
CBX5	PARP1
CBX5	BRD3
CBX5	KDM1A
CBX5	HNRNPA1
CBX5	INCENP
CBX5	AURKB
SERPIND1	HPR
SERPIND1	SERPINA1
SERPIND1	TTR
SERPIND1	SERPINA6
SERPIND1	C4BPA
SERPIND1	SELP
SERPIND1	MTHFR
SERPIND1	C4BPB
SERPIND1	SERPINA10
SERPIND1	F12
SERPIND1	ALB
SERPIND1	F9
SERPIND1	PLAT
SERPIND1	PI4KA
SERPIND1	F13A1
SERPIND1	F8
SERPIND1	VWF
SERPIND1	F5
SERPIND1	KLKB1
SERPIND1	F11
SERPIND1	F7
SERPIND1	PROC
SERPIND1	KNG1
SERPIND1	PROS1
SERPIND1	HABP2
SERPIND1	F13B
SERPIND1	F10
SERPIND1	SERPINC1
SERPIND1	THBD
SERPIND1	HRG
SERPIND1	TFPI
SERPIND1	FGB
SERPIND1	PLG
SERPIND1	FGA
SERPIND1	FGG
SERPIND1	F2
MAPK1	KDR
MAPK1	MMP2
MAPK1	IL2
MAPK1	PDE4D
MAPK1	ANK3
MAPK1	DDB2
MAPK1	LEPR
MAPK1	PTPRJ
MAPK1	MEF2D
MAPK1	FOSL2
MAPK1	ALK
MAPK1	TAB1
MAPK1	HNF4A
MAPK1	HNRNPA1
MAPK1	LMNA
MAPK1	MMP3
MAPK1	MAP3K2
MAPK1	ERCC3
MAPK1	APEX1
MAPK1	AR
MAPK1	FGB
MAPK1	IL4
MAPK1	FGA
MAPK1	FGG
MAPK1	PKM
MAPK1	IL6R
MAPK1	PTK2
MAPK1	DUSP22
MAPK1	PTPN1
MAPK1	ALB
MAPK1	DCC
MAPK1	VWF
MAPK1	PARP1
MAPK1	EGFR
MAPK1	SNCA
MAPK1	HDAC6
MAPK1	CSNK2A1
MAPK1	NEK2
MAPK1	PIK3R1
MAPK1	MMP9
MAPK1	HSPA4
MAPK1	CDK1
MAPK1	PLA2G1B
MAPK1	PPARG
MAPK1	CTNNB1
MAPK1	MCL1
MAPK1	GSK3B
MAPK1	JAK1
MAPK1	PTGS2
MAPK1	NFKB1
MAPK1	JAK2
MAPK1	CREBBP
MAPK1	SH3GL2
MAPK1	SMAD4
MAPK1	PIK3CA
MAPK1	APP
MAPK1	CREB3L1
MAPK1	ATP1B1
MAPK1	DAPK2
MAPK1	NFATC2
MAPK1	DAPK3
MAPK1	SPHK1
MAPK1	PRKCA
MAPK1	MITF
MAPK1	SRC
MAPK1	IL6
MAPK1	FOXO1
MAPK1	ESR2
MAPK1	BRAF
MAPK1	MAPT
MAPK1	DAPK1
MAPK1	SMAD3
MAPK1	CREB1
MAPK1	BCL2
MAPK1	MKNK2
MAPK1	MYC
MAPK1	HIF1A
MAPK1	ESR1
MAPK1	AKT1
MAPK1	IQGAP1
MAPK1	RPS6KA3
MAPK1	RPS6KA2
MAPK1	ETS1
MAPK1	TP53
MAPK1	RPS6KA1
MAPK1	MKNK1
TAB1	AKT1
TAB1	IL6
TAB1	TP53
TAB1	TAOK1
TAB1	USP2
TAB1	BCL2
TAB1	HSPA4
TAB1	MYC
TAB1	TNFAIP3
TAB1	TRAF1
TAB1	SMAD3
TAB1	SRC
TAB1	PRKCQ
TAB1	SMAD7
TAB1	IL1R1
TAB1	NOD2
TAB1	NFKB1
TAB1	EGFR
TAB1	GSK3B
TAB1	TRAF3
TAB1	TLR3
PYGL	GCKR
PYGL	AKT1
PYGL	PNLIP
PYGL	AKR1B1
PYGL	GSK3B
PYGL	SLC2A1
PYGL	ALKBH2
PYGL	IDH1
PYGL	AMY1A
PYGL	IL6
PYGL	HK1
PYGL	SSTR4
PYGL	PKM
PYGL	PC
PYGL	PPP1R3B
PYGL	H6PD
PYGL	ENPP1
PSMA3	TNFRSF11A
PSMA3	ANAPC1
PSMA3	SUFU
PSMA3	AURKA
PSMA3	TRAF3
PSMA3	RUNX3
PSMA3	PRDX1
PSMA3	GSK3B
PSMA3	AMBRA1
PSMA3	TUBB4B
PSMA3	TNKS
PSMA3	TNKS2
PSMA3	HIF1A
PSMA3	CTNNB1
PSMA3	CDK2
PSMA3	TP53
PSMA3	CDK1
PSMA3	SORT1
PSMA3	RPS26
PSMA3	ZNF366
PSMA3	ARID4A
PSMA3	HNRNPA1
PSMA3	CSNK2A1
PSMA3	NFKB1
PSMA3	HSPA4
PSMA3	EIF2S2
PSMA3	AURKB
PSMA3	ELAVL1
PSMA3	SNCA
PSMA3	UBQLN4
PSMA3	PSMB1
PSMA3	PSMB5
PSMA3	PSMC3
APEX1	FBH1
APEX1	CDK4
APEX1	MCL1
APEX1	RAD51B
APEX1	ABCB1
APEX1	VWF
APEX1	KDM1A
APEX1	BLM
APEX1	MYC
APEX1	POLI
APEX1	PKM
APEX1	DDB2
APEX1	ALKBH2
APEX1	GLO1
APEX1	POLE4
APEX1	ERCC3
APEX1	PRDX1
APEX1	CREB1
APEX1	BCL2
APEX1	ALB
APEX1	ESR1
APEX1	SIRT6
APEX1	HIF1A
APEX1	TDP1
APEX1	TDG
APEX1	TP53
APEX1	PARP1
APEX1	POLB
CYP24A1	CYP1A1
CYP24A1	ALB
CYP24A1	CYP3A4
CYP24A1	TP53
CYP24A1	ACHE
CYP24A1	ZNF217
CYP24A1	CYP1B1
CYP24A1	CYP19A1
CYP24A1	TLR1
CYP24A1	CA4
CYP24A1	CA9
CYP24A1	CA3
CYP24A1	CA2
CYP24A1	CA6
CYP24A1	CA7
CYP24A1	CA5A
CYP24A1	CA14
CYP24A1	CA5B
CYP24A1	CA1
AURKA	SPDL1
AURKA	BLM
AURKA	PTP4A3
AURKA	MAP1LC3A
AURKA	ZBTB16
AURKA	CSNK2A1
AURKA	MAPT
AURKA	ZNF217
AURKA	PSMC3
AURKA	HIF1A
AURKA	PSMB1
AURKA	FLT3
AURKA	PKMYT1
AURKA	EGFR
AURKA	AR
AURKA	TUBB
AURKA	PIK3CA
AURKA	PSRC1
AURKA	TYR
AURKA	PSMB5
AURKA	NSD2
AURKA	CDK6
AURKA	PARP1
AURKA	MCL1
AURKA	ANAPC1
AURKA	AKT1
AURKA	BCL2
AURKA	HSPA4
AURKA	CDK4
AURKA	CTNNB1
AURKA	ESR1
AURKA	GSK3B
AURKA	NFKB1
AURKA	NEK2
AURKA	CDK2
AURKA	MYC
AURKA	AURKB
AURKA	HDAC6
AURKA	CDK1
AURKA	CKAP5
AURKA	INCENP
AURKA	PLK1
AURKA	TP53
PROCR	IL6
PROCR	PLG
PROCR	TEK
PROCR	MMP1
PROCR	SELE
PROCR	F8
PROCR	ANGPT1
PROCR	SELP
PROCR	CRP
PROCR	F9
PROCR	PLAT
PROCR	SERPINE1
PROCR	VWF
PROCR	F2RL1
PROCR	SERPINC1
PROCR	F2
PROCR	PROS1
PROCR	TFPI
PROCR	F7
PROCR	F10
PROCR	PROC
PROCR	THBD
TUBB1	WWOX
TUBB1	GP6
TUBB1	ALOX12
TUBB1	TUBB8
TUBB1	TUBB4A
TUBB1	TUBB6
TUBB1	RGS18
TUBB1	TUBB4B
TUBB1	TUBB2A
TUBB1	JAK2
TUBB1	TUBB2B
TUBB1	TUBB3
TUBB1	CKAP5
TUBB1	ELANE
TUBB1	TUBA3C
TUBB1	MAPT
TUBB1	TUBA1C
TUBB1	TUBA3E
TUBB1	TUBA1A
TUBB1	TUBA4A
TUBB1	TUBA1B
CSNK2A1	ELAVL1
CSNK2A1	GRIN2B
CSNK2A1	HSP90B1
CSNK2A1	HIF1A
CSNK2A1	CYP19A1
CSNK2A1	ESR2
CSNK2A1	PTP4A3
CSNK2A1	HNRNPA1
CSNK2A1	CDK9
CSNK2A1	HEXIM1
CSNK2A1	GSK3B
CSNK2A1	ESR1
CSNK2A1	CREB1
CSNK2A1	BRD3
CSNK2A1	CDK2
CSNK2A1	HSPA4
CSNK2A1	EIF2S2
CSNK2A1	ARID4A
CSNK2A1	NFKB1
CSNK2A1	SAP130
CSNK2A1	MYC
CSNK2A1	CDK1
CSNK2A1	PHC1
CSNK2A1	CCNL1
CSNK2A1	SRC
CSNK2A1	CREBBP
CSNK2A1	AKT1
CSNK2A1	KDM1A
CSNK2A1	SNCA
CSNK2A1	CTNNB1
CSNK2A1	TP53
LBP	FGB
LBP	MMP1
LBP	MMP2
LBP	FGG
LBP	MMP3
LBP	ALB
LBP	MMP9
LBP	PLCG2
LBP	STAT6
LBP	FABP2
LBP	TTR
LBP	CRP
LBP	IL6
PIGU	PIGC
PIGU	PIGV
PIGU	MYH7B
F9	HABP2
F9	ETS1
F9	ADAMTS13
F9	SERPINE1
F9	HSD17B1
F9	SERPINA10
F9	FGG
F9	TTR
F9	PLG
F9	CRP
F9	HRG
F9	CYP2C9
F9	F13B
F9	FGA
F9	SERPINA1
F9	PROS1
F9	KLKB1
F9	PROC
F9	ALB
F9	F12
F9	TFPI
F9	VKORC1
F9	F5
F9	KNG1
F9	XXYLT1
F9	THBD
F9	VWF
F9	F2
F9	F10
F9	F11
F9	F7
F9	F8
F9	SERPINC1
ACP5	CRP
ACP5	ATP4A
ACP5	FCER1G
ACP5	TP53
ACP5	MITF
ACP5	ESR1
ACP5	MMP12
ACP5	VWF
ACP5	ALB
ACP5	CTNNB1
ACP5	AKT1
ACP5	SRC
ACP5	MMP13
ACP5	SPI1
ACP5	NFKB1
ACP5	IL6
ACP5	CA2
ACP5	TNFRSF11A
ACP5	NFATC2
ACP5	SOST
ACP5	MMP9
ACP5	ENPP1
MMP2	ESR2
MMP2	HNF4A
MMP2	ETS1
MMP2	BRAF
MMP2	AR
MMP2	AXL
MMP2	ABCB1
MMP2	CREB1
MMP2	SLC2A1
MMP2	MCL1
MMP2	CDK6
MMP2	ITGB8
MMP2	CD93
MMP2	SELP
MMP2	ADAMTS1
MMP2	FASLG
MMP2	NOX4
MMP2	IL2
MMP2	ANGPT1
MMP2	MPO
MMP2	JAK1
MMP2	CDK2
MMP2	PARP1
MMP2	TEK
MMP2	VWF
MMP2	MMP13
MMP2	MMP12
MMP2	SELE
MMP2	SMAD7
MMP2	CDK4
MMP2	IL4
MMP2	PPARG
MMP2	ELANE
MMP2	JAK2
MMP2	MMP3
MMP2	PPARA
MMP2	NOS3
MMP2	ADAMTS4
MMP2	BACE1
MMP2	COL15A1
MMP2	ELAVL1
MMP2	GSK3B
MMP2	ESR1
MMP2	FOXO1
MMP2	APP
MMP2	SMAD3
MMP2	NFKB1
MMP2	IL13
MMP2	PTK2
MMP2	KDR
MMP2	STAT6
MMP2	MYC
MMP2	HSPA4
MMP2	ALB
MMP2	PLAT
MMP2	ALOX5
MMP2	APOE
MMP2	CRP
MMP2	TP53
MMP2	IGF1R
MMP2	EGFR
MMP2	MET
MMP2	SMAD4
MMP2	BCL2
MMP2	HIF1A
MMP2	SERPINE1
MMP2	PTGS2
MMP2	PLG
MMP2	CTNNB1
MMP2	CCN2
MMP2	AKT1
MMP2	IL6
MMP2	THBS2
MMP2	MMP9
MMP2	MMP1
MMP2	MMP7
MMP2	SRC
MMP2	TIMP3
CBLN1	LRRC7
CBLN1	GFRA1
CBLN1	GRID2
PLAT	SRC
PLAT	PTGS2
PLAT	FGB
PLAT	RBFOX3
PLAT	ESR2
PLAT	KDR
PLAT	GP6
PLAT	TIMP3
PLAT	HIF1A
PLAT	P2RY12
PLAT	CTNNB1
PLAT	F7
PLAT	SERPINA1
PLAT	CCN2
PLAT	MPO
PLAT	LRP1B
PLAT	NOS3
PLAT	AKT1
PLAT	ESR1
PLAT	HSPA4
PLAT	F10
PLAT	GSK3B
PLAT	ADAMTS13
PLAT	SELE
PLAT	MMP13
PLAT	ALB
PLAT	APOE
PLAT	F8
PLAT	MMP1
PLAT	KNG1
PLAT	APP
PLAT	SERPINA10
PLAT	F2
PLAT	HRG
PLAT	CRP
PLAT	IL6
PLAT	SELP
PLAT	TFPI
PLAT	MMP3
PLAT	SERPINE2
PLAT	FGA
PLAT	MMP9
PLAT	THBD
PLAT	SERPINC1
PLAT	VWF
PLAT	PLG
PLAT	SERPINE1
EPOR	CDK6
EPOR	PTPN1
EPOR	SPI1
EPOR	IKZF1
EPOR	HBB
EPOR	ZFPM1
EPOR	HIF1A
EPOR	SYK
EPOR	IL6R
EPOR	PIK3CA
EPOR	EGFR
EPOR	SH2B3
EPOR	AKT1
EPOR	SRC
EPOR	FLT3
EPOR	PLCG2
EPOR	IL2RA
EPOR	CTF1
EPOR	IL13
EPOR	INPP5D
EPOR	IL4
EPOR	TSLP
EPOR	IL6
EPOR	IL2
EPOR	PIK3R1
EPOR	JAK3
EPOR	JAK1
EPOR	THPO
EPOR	JAK2
ITGB8	ADAMTS1
ITGB8	LIFR
ITGB8	TNR
ITGB8	PRKCA
ITGB8	VWF
ITGB8	THBS2
ITGB8	SRC
ITGB8	PTK2
SERPINE1	CREB1
SERPINE1	IL2
SERPINE1	FABP4
SERPINE1	MMP12
SERPINE1	SHBG
SERPINE1	IL13
SERPINE1	MCL1
SERPINE1	SRC
SERPINE1	IL4
SERPINE1	BCL2
SERPINE1	F5
SERPINE1	DPP4
SERPINE1	KDR
SERPINE1	F11
SERPINE1	PPARA
SERPINE1	IL1RN
SERPINE1	MMP13
SERPINE1	ESR1
SERPINE1	PROS1
SERPINE1	ANGPT1
SERPINE1	NOX4
SERPINE1	IRF1
SERPINE1	CTNNB1
SERPINE1	CREBBP
SERPINE1	SERPINE2
SERPINE1	TTR
SERPINE1	TIMP3
SERPINE1	ADAMTS13
SERPINE1	NFKB1
SERPINE1	F10
SERPINE1	ETS1
SERPINE1	THBS2
SERPINE1	FGG
SERPINE1	FGA
SERPINE1	MYC
SERPINE1	KLKB1
SERPINE1	KNG1
SERPINE1	CA9
SERPINE1	TP53
SERPINE1	APOE
SERPINE1	AKT1
SERPINE1	AXL
SERPINE1	NOS3
SERPINE1	F8
SERPINE1	HIF1A
SERPINE1	ALB
SERPINE1	ELANE
SERPINE1	HRG
SERPINE1	SLC2A1
SERPINE1	SELP
SERPINE1	MPO
SERPINE1	SELE
SERPINE1	MTHFR
SERPINE1	EGFR
SERPINE1	TFPI
SERPINE1	HABP2
SERPINE1	PPARG
SERPINE1	FGB
SERPINE1	MMP1
SERPINE1	F7
SERPINE1	MMP7
SERPINE1	CRP
SERPINE1	MMP9
SERPINE1	SMAD7
SERPINE1	PTGS2
SERPINE1	VWF
SERPINE1	CCN2
SERPINE1	F2
SERPINE1	THBD
SERPINE1	SMAD3
SERPINE1	IL6
SERPINE1	SMAD4
SERPINE1	MMP3
SERPINE1	PROC
SERPINE1	PLG
MPO	BRAF
MPO	FASLG
MPO	IL1RN
MPO	JAK2
MPO	IL1F10
MPO	THBD
MPO	IL33
MPO	DAO
MPO	HIF1A
MPO	NOX4
MPO	ALOX5
MPO	ADAMTS13
MPO	RUNX3
MPO	TP53
MPO	PLG
MPO	PPARG
MPO	ESR1
MPO	IL13
MPO	IL2
MPO	CXCR1
MPO	NFKB1
MPO	F2
MPO	NOS3
MPO	NLRP3
MPO	AKT1
MPO	MMP12
MPO	FLT3
MPO	SPI1
MPO	VWF
MPO	TNFRSF8
MPO	CD38
MPO	BCL2
MPO	MMP1
MPO	IL4
MPO	CD5
MPO	MMP3
MPO	APOE
MPO	PTGS2
MPO	XDH
MPO	SELP
MPO	SELE
MPO	SERPINA1
MPO	CRP
MPO	IL6
MPO	ALB
MPO	MMP9
MPO	ELANE
HSD17B1	H6PD
HSD17B1	EGFR
HSD17B1	HSD11B2
HSD17B1	SHBG
HSD17B1	CYP1A2
HSD17B1	AR
HSD17B1	HMGCR
HSD17B1	ESR1
HSD17B1	ESR2
HSD17B1	HSD11B1
HSD17B1	UGT1A1
HSD17B1	CYP3A4
HSD17B1	CYP1A1
HSD17B1	CYP1B1
HSD17B1	CYP19A1
CD38	CALCRL
CD38	SPI1
CD38	NAPRT
CD38	JAK3
CD38	PARP1
CD38	MCL1
CD38	IL6R
CD38	IL13
CD38	CD93
CD38	NFKB1
CD38	EGR2
CD38	SYK
CD38	DPP4
CD38	JAK2
CD38	FASLG
CD38	IKZF1
CD38	CRP
CD38	IL2RA
CD38	LAMP1
CD38	ALB
CD38	BACH2
CD38	FOLH1
CD38	TNFRSF14
CD38	BTK
CD38	IL4
CD38	SELE
CD38	CD247
CD38	MS4A1
CD38	TNFRSF8
CD38	SELP
CD38	AKT1
CD38	FLT3
CD38	CD6
CD38	IL2
CD38	BCL6
CD38	MYC
CD38	IL7R
CD38	BCL2
CD38	THPO
CD38	TP53
CD38	IL6
CD38	CD5
CD38	PRKG1
CD38	PRKCA
CD38	SIRT6
CD38	ENPP1
NFKB1	SFPQ
NFKB1	EGR2
NFKB1	ABCG2
NFKB1	DPP4
NFKB1	PLG
NFKB1	NCOA6
NFKB1	ALDH1A1
NFKB1	MAP1LC3A
NFKB1	HMGCR
NFKB1	SIRT6
NFKB1	HDAC6
NFKB1	IDH1
NFKB1	PTPN1
NFKB1	SMAD7
NFKB1	ELANE
NFKB1	EDA2R
NFKB1	PTGS1
NFKB1	AXL
NFKB1	TERT
NFKB1	CXCR1
NFKB1	ABCB1
NFKB1	IQSEC1
NFKB1	XDH
NFKB1	IL7R
NFKB1	ROBO1
NFKB1	PTGER4
NFKB1	ELAVL1
NFKB1	ESR2
NFKB1	SELP
NFKB1	ALOX5
NFKB1	MET
NFKB1	SLC2A1
NFKB1	CCN2
NFKB1	KDR
NFKB1	PKM
NFKB1	IKZF1
NFKB1	PLCG2
NFKB1	AR
NFKB1	JAK3
NFKB1	MT-ND2
NFKB1	FOXA2
NFKB1	MMP13
NFKB1	NOX4
NFKB1	IL6R
NFKB1	BACE1
NFKB1	IL37
NFKB1	RCOR1
NFKB1	IGF1R
NFKB1	PTK2
NFKB1	MTHFR
NFKB1	ZBTB16
NFKB1	CDK2
NFKB1	NOS3
NFKB1	ANK3
NFKB1	VWF
NFKB1	PSMB5
NFKB1	SMAD4
NFKB1	ANAPC1
NFKB1	CDK1
NFKB1	SPHK1
NFKB1	APOE
NFKB1	PSMC3
NFKB1	TUBB
NFKB1	NR4A2
NFKB1	PPARA
NFKB1	IL13
NFKB1	TNFRSF8
NFKB1	PSMB1
NFKB1	SELE
NFKB1	CDK9
NFKB1	CRP
NFKB1	MCL1
NFKB1	AKR1B1
NFKB1	IL1RL1
NFKB1	ALB
NFKB1	IL1RN
NFKB1	PIK3R1
NFKB1	HNF4A
NFKB1	PRDX1
NFKB1	IL2RA
NFKB1	JAK2
NFKB1	MMP1
NFKB1	CDK6
NFKB1	JAK1
NFKB1	IL33
NFKB1	NFATC2
NFKB1	BRAF
NFKB1	FASLG
NFKB1	BCL6
NFKB1	SPI1
NFKB1	MMP3
NFKB1	PIK3CA
NFKB1	IRF1
NFKB1	CDK4
NFKB1	FOXO1
NFKB1	GSK3B
NFKB1	PRKCA
NFKB1	PPARD
NFKB1	ETS1
NFKB1	SYK
NFKB1	GATA3
NFKB1	SRC
NFKB1	BTK
NFKB1	SMAD3
NFKB1	TLR1
NFKB1	CREB1
NFKB1	NOD2
NFKB1	TRAF1
NFKB1	FOSL2
NFKB1	KLF5
NFKB1	IL4
NFKB1	MMP9
NFKB1	IL2
NFKB1	HIF1A
NFKB1	IL1R1
NFKB1	BCL2
NFKB1	PARP1
NFKB1	EGFR
NFKB1	TRAF3
NFKB1	PTGS2
NFKB1	HSPA4
NFKB1	STAT6
NFKB1	TLR3
NFKB1	APP
NFKB1	NR3C1
NFKB1	AKT1
NFKB1	TNFAIP3
NFKB1	CREBBP
NFKB1	MYC
NFKB1	PRKCQ
NFKB1	ESR1
NFKB1	CTNNB1
NFKB1	PPARG
NFKB1	NLRP3
NFKB1	TP53
NFKB1	IL6
IL2	KNG1
IL2	TRAF1
IL2	THBD
IL2	NOS3
IL2	ID2
IL2	MCL1
IL2	CXCR1
IL2	IKZF2
IL2	CD6
IL2	CA9
IL2	ALDH1A1
IL2	APOE
IL2	ESR1
IL2	IL37
IL2	RUNX3
IL2	KDR
IL2	DHFR2
IL2	MMP1
IL2	F2
IL2	IL1RL1
IL2	TNFRSF14
IL2	NOD2
IL2	FOLH1
IL2	THPO
IL2	MMP3
IL2	SMAD3
IL2	FCER1G
IL2	PTPN1
IL2	FOXO1
IL2	BTK
IL2	NLRP3
IL2	CREB1
IL2	CCR4
IL2	DPP4
IL2	PPARG
IL2	SLC2A1
IL2	TYR
IL2	TLR1
IL2	PRKCQ
IL2	TAGAP
IL2	IRF1
IL2	HSPA4
IL2	CTNNB1
IL2	SELP
IL2	PIK3R1
IL2	RC3H1
IL2	ANGPT1
IL2	PVR
IL2	BRAF
IL2	BACH2
IL2	PIK3CA
IL2	BATF3
IL2	IL31
IL2	SRC
IL2	TNFRSF8
IL2	IL1RN
IL2	SELE
IL2	HIF1A
IL2	PLG
IL2	H6PD
IL2	APP
IL2	MMP9
IL2	TNFSF4
IL2	PTGS2
IL2	NR3C1
IL2	BCL6
IL2	TCF7
IL2	INPP5D
IL2	FLT3
IL2	TSLP
IL2	ADAD1
IL2	IKZF1
IL2	AKT1
IL2	ITK
IL2	OSMR
IL2	LIFR
IL2	MYC
IL2	GATA3
IL2	ALB
IL2	CD5
IL2	LEPR
IL2	TP53
IL2	IL1R1
IL2	BCL2
IL2	LAMP1
IL2	TLR3
IL2	CRP
IL2	RORC
IL2	CD247
IL2	FASLG
IL2	IL33
IL2	STAT6
IL2	SYK
IL2	EGFR
IL2	JAK2
IL2	IL6R
IL2	IL13
IL2	NFATC2
IL2	IL7R
IL2	JAK1
IL2	IL4
IL2	IL6
IL2	IL2RA
IL2	JAK3
SPI1	SERPINA1
SPI1	BACH2
SPI1	ELANE
SPI1	MS4A1
SPI1	GSK3B
SPI1	LDB2
SPI1	TAGAP
SPI1	NSUN3
SPI1	AKT1
SPI1	IL13
SPI1	NUP160
SPI1	FNBP4
SPI1	BCL2
SPI1	MMP9
SPI1	ALOX15
SPI1	P2RY12
SPI1	EGR2
SPI1	PSMC3
SPI1	NFE2
SPI1	NOD2
SPI1	TLR1
SPI1	SLC39A13
SPI1	ETS1
SPI1	TP53
SPI1	MS4A6A
SPI1	BATF3
SPI1	SYK
SPI1	CDK9
SPI1	RGS18
SPI1	IL7R
SPI1	IL6
SPI1	RUNX3
SPI1	MYBPC3
SPI1	IL4
SPI1	MYC
SPI1	PLEK
SPI1	KMT2A
SPI1	PPARG
SPI1	FOXO1
SPI1	CREB1
SPI1	TCF7
SPI1	CREBBP
SPI1	FCER1G
SPI1	SMAD3
SPI1	BTK
SPI1	ID2
SPI1	ZFPM1
SPI1	STAT6
SPI1	INPP5D
SPI1	GATA3
SPI1	BCL6
SPI1	IKZF1
SPI1	FLT3
SPI1	MITF
SPI1	IRF1
DAO	XDH
DAO	MAOA
DAO	MAOB
DAO	GRIN2B
DAO	HTR2A
DAO	MTHFR
LNPEP	MCL1
LNPEP	AKT1
LNPEP	SORT1
LNPEP	TNKS
LNPEP	TNKS2
IL4	FCER1G
IL4	PTGER4
IL4	KNG1
IL4	RORA
IL4	BATF3
IL4	DPP4
IL4	NOS3
IL4	THPO
IL4	LMNA
IL4	PPARD
IL4	AXL
IL4	RUNX3
IL4	PIK3CA
IL4	FOXO1
IL4	HSPA4
IL4	MMP7
IL4	ESR1
IL4	FLT3
IL4	PIK3R1
IL4	PPARA
IL4	ELANE
IL4	CXCR1
IL4	THBD
IL4	MMP13
IL4	BTK
IL4	APP
IL4	CREB1
IL4	IL37
IL4	SMAD3
IL4	CD247
IL4	MMP12
IL4	ZBTB16
IL4	CTNNB1
IL4	MMP1
IL4	TNFRSF8
IL4	F13A1
IL4	SRC
IL4	NOD2
IL4	MYC
IL4	KDR
IL4	LAMP1
IL4	APOE
IL4	NLRP3
IL4	IKZF1
IL4	SYK
IL4	HIF1A
IL4	SELE
IL4	PLG
IL4	FLG
IL4	BCL2
IL4	IL1RL1
IL4	ITK
IL4	CD5
IL4	CCN2
IL4	ALOX5
IL4	RORC
IL4	TNFSF4
IL4	MMP3
IL4	SELP
IL4	TLR3
IL4	FASLG
IL4	PPARG
IL4	NR3C1
IL4	MMP9
IL4	ALOX15
IL4	AKT1
IL4	TLR1
IL4	NFATC2
IL4	LIFR
IL4	TP53
IL4	ALB
IL4	IL31
IL4	OSMR
IL4	IL1RN
IL4	IRF1
IL4	LEPR
IL4	BCL6
IL4	PTGS2
IL4	MAOA
IL4	IL1R1
IL4	EGFR
IL4	CRP
IL4	JAK2
IL4	TSLP
IL4	IL6R
IL4	IL33
IL4	GATA3
IL4	IL7R
IL4	IL2RA
IL4	IL6
IL4	IL13
IL4	JAK1
IL4	STAT6
IL4	JAK3
NR3C1	MMP9
NR3C1	ELAVL1
NR3C1	MAOB
NR3C1	FASLG
NR3C1	GSK3B
NR3C1	HBB
NR3C1	CBR1
NR3C1	RCOR1
NR3C1	HTR2A
NR3C1	SRC
NR3C1	CAMK2B
NR3C1	ZBTB16
NR3C1	TPH2
NR3C1	CYP3A4
NR3C1	DAPK3
NR3C1	CRP
NR3C1	JMJD1C
NR3C1	HEXIM1
NR3C1	SMARCE1
NR3C1	DHFR2
NR3C1	FLT3
NR3C1	BRAF
NR3C1	HSP90B1
NR3C1	PPARA
NR3C1	ESRRA
NR3C1	CHD9
NR3C1	MAOA
NR3C1	PTGS1
NR3C1	ABCB1
NR3C1	STAT6
NR3C1	CDK4
NR3C1	APP
NR3C1	CYP1A1
NR3C1	ALB
NR3C1	SMAD4
NR3C1	IL6
NR3C1	PIK3R1
NR3C1	MYC
NR3C1	PPARG
NR3C1	HNF4A
NR3C1	PTGS2
NR3C1	NCOA6
NR3C1	CTNNB1
NR3C1	SERPINA6
NR3C1	BCL2
NR3C1	AKT1
NR3C1	AR
NR3C1	HSD11B2
NR3C1	DCAF6
NR3C1	HDAC6
NR3C1	HSD11B1
NR3C1	HIF1A
NR3C1	EGFR
NR3C1	FOXO1
NR3C1	ESR1
NR3C1	CREB1
NR3C1	TP53
NR3C1	SMAD3
NR3C1	CREBBP
NR3C1	HSPA4
HRG	SERPINA10
HRG	MTHFR
HRG	F5
HRG	C4BPA
HRG	THBD
HRG	HGFAC
HRG	TTR
HRG	C4BPB
HRG	APOC1
HRG	THBS2
HRG	HPR
HRG	PROC
HRG	KLKB1
HRG	PROS1
HRG	FABP1
HRG	F11
HRG	F12
HRG	ALB
HRG	HABP2
HRG	F10
HRG	SERPINA1
HRG	F13B
HRG	F2
HRG	FGB
HRG	FGG
HRG	SERPINC1
HRG	FGA
HRG	KNG1
HRG	PLG
TFPI	F12
TFPI	HPR
TFPI	CRP
TFPI	IL6
TFPI	HABP2
TFPI	SELE
TFPI	MYC
TFPI	KNG1
TFPI	FGA
TFPI	TP53
TFPI	MMP12
TFPI	PROS1
TFPI	MMP1
TFPI	ADAMTS13
TFPI	SERPINA1
TFPI	KLKB1
TFPI	SELP
TFPI	ALB
TFPI	F5
TFPI	F8
TFPI	ADCY10
TFPI	PROC
TFPI	VWF
TFPI	F11
TFPI	ELANE
TFPI	PLG
TFPI	SERPINC1
TFPI	F2
TFPI	THBD
TFPI	F7
TFPI	F10
IL1RL1	RORC
IL1RL1	TRAF3
IL1RL1	WDR36
IL1RL1	EMSY
IL1RL1	CD5
IL1RL1	IL2RA
IL1RL1	STAT6
IL1RL1	OSMR
IL1RL1	RORA
IL1RL1	IL6R
IL1RL1	IL1RN
IL1RL1	GATA3
IL1RL1	GSDMB
IL1RL1	ORMDL3
IL1RL1	IL6
IL1RL1	IL7R
IL1RL1	TSLP
IL1RL1	IL13
IL1RL1	IL1R1
IL1RL1	IL33
PROC	HABP2
PROC	KNG1
PROC	HGFAC
PROC	ALB
PROC	PLG
PROC	VWF
PROC	F13A1
PROC	F10
PROC	KLKB1
PROC	F7
PROC	F11
PROC	FGB
PROC	FGG
PROC	F12
PROC	FGA
PROC	PROS1
PROC	F13B
PROC	SERPINC1
PROC	SERPINA1
PROC	F5
PROC	F8
PROC	F2
PROC	THBD
ID2	SMAD4
ID2	SMAD3
ID2	CTNNB1
ID2	MYC
ID2	RORA
ID2	BACH2
ID2	IKZF1
ID2	ETS1
ID2	FLT3
ID2	SMAD7
ID2	RORC
ID2	RUNX3
ID2	ALB
ID2	TP53
ID2	ZBTB16
ID2	BCL6
ID2	TCF7
ID2	BATF3
ID2	GATA3
ID2	IL7R
ID2	EGR2
ID2	CDK2
PLEK	IKZF1
PLEK	RPS6KA1
PLEK	TP53
PLEK	MYC
PLEK	ALB
PLEK	FOXO1
PLEK	TUBA4A
PLEK	EGFR
PLEK	PIK3R1
PLEK	GSK3B
PLEK	F13A1
PLEK	INPP5D
PLEK	MCF2L
PLEK	TAGAP
PLEK	PI4KA
PLEK	ITK
PLEK	PIK3CA
PLEK	IQSEC1
PLEK	FCER1G
PLEK	ARHGEF28
PLEK	AFAP1
PLEK	SYK
PLEK	PLCG2
PLEK	ARHGEF3
PLEK	SH2B3
PLEK	PLEKHO1
PLEK	ARHGAP15
PLEK	ARHGAP1
PLEK	RGS18
PLEK	ANK3
PLEK	AKT1
PLEK	SRC
PLEK	BTK
SLC19A2	CCDC181
TTR	TYRP1
TTR	HBB
TTR	XDH
TTR	SHBG
TTR	IDH1
TTR	HABP2
TTR	MT-CYB
TTR	LRAT
TTR	CYP3A4
TTR	CYP2C9
TTR	ALDH1A1
TTR	VKORC1
TTR	C4BPA
TTR	TERT
TTR	SELE
TTR	PLG
TTR	HNF4A
TTR	HSP90B1
TTR	IL6
TTR	FGB
TTR	FABP1
TTR	APOC1
TTR	EGFR
TTR	FGG
TTR	KNG1
TTR	SERPINA6
TTR	SERPINC1
TTR	F2
TTR	SNCA
TTR	FGA
TTR	CRP
TTR	FOXA2
TTR	APOE
TTR	SERPINA1
TTR	APP
TTR	ALB
PAPOLG	TENT5C
PAPOLG	A4GALT
PRRX1	THBS2
PRRX1	MSX1
TSHZ3	TSHR
TSHZ3	ZBTB16
TSHZ3	SMARCE1
ADORA3	VWF
ADORA3	P2RY12
ADORA3	SRC
ADORA3	KNG1
FLT3	PARP1
FLT3	CREBBP
FLT3	ZBTB16
FLT3	SMAD4
FLT3	JAK2
FLT3	ZFPM1
FLT3	GATA3
FLT3	HIF1A
FLT3	MECOM
FLT3	NLRP3
FLT3	MLLT10
FLT3	TNFSF4
FLT3	IGF1R
FLT3	MET
FLT3	TNFRSF8
FLT3	CTNNB1
FLT3	CD5
FLT3	BATF3
FLT3	MMP9
FLT3	MYC
FLT3	IL6
FLT3	EGFR
FLT3	MCL1
FLT3	AURKB
FLT3	BCL2
FLT3	SRC
FLT3	IKZF1
FLT3	TSLP
FLT3	KMT2A
FLT3	AKT1
FLT3	EFNA5
FLT3	THPO
FLT3	TP53
FLT3	SH2B3
FLT3	ANGPT1
FLT3	SYK
FLT3	IDH1
FLT3	IL7R
FLT3	PTPRJ
FLT3	PIK3R1
FLT3	PIK3CA
AHR	AR
AHR	TNFRSF8
AHR	UGT1A1
AHR	ESR2
AHR	CTNNB1
AHR	CYP1B1
AHR	CYP1A2
AHR	ESR1
AHR	ARNT2
AHR	CYP1A1
EGR2	CDH4
EGR2	CTNNB1
EGR2	IRF1
EGR2	TUBA1B
EGR2	RUNX3
EGR2	SRC
EGR2	IL6
EGR2	MYC
EGR2	MMP9
EGR2	PRKCQ
EGR2	PTGS2
EGR2	FOSL2
EGR2	NCOA6
EGR2	BACH2
EGR2	ASH2L
EGR2	BCL2
EGR2	MEF2D
EGR2	EGFR
EGR2	IER2
EGR2	GATA3
EGR2	NFATC2
EGR2	TP53
EGR2	NR4A2
EGR2	CREB1
EGR2	HMGCR
EGR2	CREBBP
FAAH	ACHE
FAAH	FBH1
FAAH	KDM1A
FAAH	SERPINA6
FAAH	PPARG
FAAH	PCCB
FAAH	CBR1
FAAH	NAPRT
FAAH	CPS1
FAAH	PTGS2
FAAH	MAOA
FAAH	MAOB
FAAH	PPARA
FAAH	PC
FAAH	FABP5
FAAH	DARS2
BATF3	IRF1
BATF3	IL6
BATF3	THBD
BATF3	TLR3
BATF3	BACH2
C4BPB	FGA
C4BPB	SERPINC1
C4BPB	FGG
C4BPB	F5
C4BPB	PROS1
C4BPB	C4BPA
IRF1	IL6R
IRF1	IL1RN
IRF1	TRAF1
IRF1	MMP9
IRF1	FASLG
IRF1	BCL2
IRF1	SYK
IRF1	CDK2
IRF1	IL1R1
IRF1	NLRP3
IRF1	NOD2
IRF1	IL7R
IRF1	BCL6
IRF1	JAK3
IRF1	PPIA
IRF1	GATA3
IRF1	GSK3B
IRF1	SRC
IRF1	TLR1
IRF1	CDK4
IRF1	PTGS2
IRF1	CDK6
IRF1	MYC
IRF1	ETS1
IRF1	AKT1
IRF1	TP53
IRF1	CREBBP
IRF1	TRAF3
IRF1	PPARG
IRF1	IKZF1
IRF1	IL13
IRF1	TNFAIP3
IRF1	JAK2
IRF1	CREB1
IRF1	IL6
IRF1	HIF1A
IRF1	STAT6
IRF1	JAK1
IRF1	TLR3
CD93	FCER1G
CD93	MET
CD93	THBD
CD93	VWF
CD93	SELE
CD93	CD5
CD93	SELP
CD93	KDR
MMP24	TIMP3
TUBA4A	PROS1
TUBA4A	TUBA3E
TUBA4A	EGFR
TUBA4A	ATP1B1
TUBA4A	HNRNPA1
TUBA4A	ELAVL1
TUBA4A	TUBA3C
TUBA4A	SEPTIN2
TUBA4A	HSPA4
TUBA4A	VWF
TUBA4A	APP
TUBA4A	IDH1
TUBA4A	CKAP5
TUBA4A	MAP1LC3A
TUBA4A	TP53
TUBA4A	HDAC6
TUBA4A	TUBA1B
TUBA4A	TUBA1C
TUBA4A	PLK1
TUBA4A	TUBA1A
TUBA4A	TUBB8
TUBA4A	TUBB2B
TUBA4A	TUBB6
TUBA4A	MAPT
TUBA4A	TUBB4A
TUBA4A	TUBB4B
TUBA4A	TUBB3
TUBA4A	TUBB
TUBA4A	TUBB2A
MKNK2	ESR2
MKNK2	CDK4
MKNK2	MKNK1
ALOX12	PTK2
ALOX12	GP6
ALOX12	ALDH1A1
ALOX12	DCC
ALOX12	PLA2G1B
ALOX12	ALOX15
ALOX12	CYP2C8
ALOX12	ALOX5
ALOX12	CYP2C19
ALOX12	CYP2C9
ALOX12	PTGS2
ALOX12	PTGS1
TRPC4AP	MYH7B
TRPC4AP	MYC
TRPC4AP	AMBRA1
TRPC4AP	DDB2
TRPC4AP	DCAF6
APOE	CELF1
APOE	FOXO1
APOE	ADCY1
APOE	TEK
APOE	CYP2D6
APOE	FABP1
APOE	CYP2C9
APOE	SLCO2B1
APOE	GRIN2B
APOE	LEPR
APOE	RBFOX3
APOE	MAOA
APOE	HLA-DRB5
APOE	FGB
APOE	PPARD
APOE	LAMP1
APOE	DPP4
APOE	AXL
APOE	KDR
APOE	MMP12
APOE	F2
APOE	MAOB
APOE	KNG1
APOE	PSRC1
APOE	CREB1
APOE	INPP5D
APOE	ESR1
APOE	CELSR2
APOE	HIF1A
APOE	CYP2C8
APOE	VKORC1
APOE	BCL2
APOE	NLRP3
APOE	F12
APOE	C4BPA
APOE	IL1RN
APOE	FABP4
APOE	PTGS2
APOE	F10
APOE	PPIA
APOE	STH
APOE	XDH
APOE	TIMP3
APOE	LRP1B
APOE	NOX4
APOE	VWF
APOE	THBS2
APOE	SERPINC1
APOE	LMNA
APOE	ALOX5
APOE	SRC
APOE	SELP
APOE	EGFR
APOE	MS4A6A
APOE	SELE
APOE	CDK5
APOE	PPARA
APOE	IL13
APOE	PLG
APOE	GBA
APOE	NPC1
APOE	TP53
APOE	CTNNB1
APOE	FGG
APOE	P2RY12
APOE	AKT1
APOE	GSK3B
APOE	FGA
APOE	FTO
APOE	HSP90B1
APOE	PPARG
APOE	SORT1
APOE	HDLBP
APOE	ACHE
APOE	MMP9
APOE	NOS3
APOE	SERPINA1
APOE	BACE1
APOE	HPR
APOE	CRP
APOE	HMGCR
APOE	MMP3
APOE	IL6
APOE	MTHFR
APOE	NR1H3
APOE	ALB
APOE	MAPT
APOE	SNCA
APOE	APOC1
APOE	APP
F12	FGB
F12	GP6
F12	FGA
F12	GLO1
F12	F13B
F12	ALB
F12	VWF
F12	THBD
F12	F13A1
F12	F7
F12	F5
F12	F10
F12	F8
F12	F2
F12	F11
F12	PLG
F12	SERPINC1
F12	KLKB1
F12	KNG1
SSTR4	THBD
SSTR4	KNG1
SSTR4	SRC
SSTR4	PNOC
CRP	SERPINA10
CRP	ESR1
CRP	F11
CRP	IL1F10
CRP	ALK
CRP	HIF1A
CRP	EGFR
CRP	LEPR
CRP	TLR3
CRP	BCL2
CRP	FABP1
CRP	P2RY12
CRP	TP53
CRP	FABP4
CRP	IL37
CRP	FGG
CRP	CA2
CRP	CYP3A4
CRP	JAK1
CRP	PPARA
CRP	JAK2
CRP	MTHFR
CRP	XDH
CRP	IL33
CRP	PPIA
CRP	HSPA4
CRP	MMP1
CRP	HPR
CRP	AKT1
CRP	FABP2
CRP	F8
CRP	SRC
CRP	THPO
CRP	ADAMTS13
CRP	FGA
CRP	PPARG
CRP	DPP4
CRP	PTGS2
CRP	HMGCR
CRP	ELANE
CRP	NOS3
CRP	IL13
CRP	IL1R1
CRP	MMP3
CRP	CD5
CRP	ATP4A
CRP	APP
CRP	IL2RA
CRP	FGB
CRP	F7
CRP	NLRP3
CRP	IL6R
CRP	SERPINA1
CRP	SHBG
CRP	SELP
CRP	KNG1
CRP	THBD
CRP	C4BPA
CRP	SERPINC1
CRP	VWF
CRP	SELE
CRP	MMP9
CRP	PLG
CRP	IL1RN
CRP	F2
CRP	ALB
CRP	IL6
PI4KA	ANK3
PI4KA	PPIA
PI4KA	PLCG2
PI4KA	PLCE1
PI4KA	PIK3R1
IPO8	MITF
IPO8	SMAD3
IPO8	RPS26
IPO8	WDR36
IPO8	NUP160
IPO8	RANBP6
FABP4	GDF5
FABP4	CXCR1
FABP4	FOXO1
FABP4	LEPR
FABP4	CTNNB1
FABP4	NCOA6
FABP4	HMGCR
FABP4	NR1H3
FABP4	ALB
FABP4	AKT1
FABP4	JAK2
FABP4	CREBBP
FABP4	IL6
FABP4	FABP2
FABP4	ZNF423
FABP4	PPARD
FABP4	FABP5
FABP4	CDK4
FABP4	PPARA
FABP4	FABP1
FABP4	PPARG
CATSPERB	PDE4B
CATSPERB	PDE4D
CATSPERB	TC2N
SORT1	ZBTB16
SORT1	MMP7
SORT1	SOST
SORT1	CTF1
SORT1	LIFR
SORT1	PHACTR1
SORT1	GALNT2
SORT1	SNCA
SORT1	EGFR
SORT1	IL6
SORT1	LAMP1
SORT1	BACE1
SORT1	PSMB5
SORT1	PSMB1
SORT1	APP
SORT1	CELSR2
SORT1	PSRC1
DDB2	RAD51B
DDB2	AR
DDB2	PARP1
DDB2	ERCC3
DDB2	AMBRA1
DDB2	DCAF6
DDB2	TP53
FOLH1	PARP1
FOLH1	ANK3
FOLH1	TNFRSF8
FOLH1	TRIM49B
FOLH1	KDR
FOLH1	CD247
FOLH1	MTHFR
FOLH1	CA9
FOLH1	IL6
FOLH1	BCL2
FOLH1	PLK1
FOLH1	STEAP1
FOLH1	AR
FOLH1	DPP4
FOLH1	EGFR
FOLH1	ALB
GSAP	BACE1
GSAP	APP
BACH2	MEF2D
BACH2	IL7R
BACH2	IKZF1
BACH2	RUNX3
BACH2	CA1
BACH2	FOXO1
BACH2	IL2RA
BACH2	PRKCQ
BACH2	GATA3
BACH2	BCL6
BACH2	MYC
BACH2	ETS1
BACH2	TAGAP
BACH2	FOSL2
BACH2	SH2B3
BACH2	TCF7
BACH2	CLEC16A
CDK4	INCENP
CDK4	GATA3
CDK4	ABCB5
CDK4	HEXIM1
CDK4	PTGS2
CDK4	BRAF
CDK4	MET
CDK4	PPARG
CDK4	ANK3
CDK4	NFATC2
CDK4	PIK3R1
CDK4	TYR
CDK4	EPHA3
CDK4	HSPA4
CDK4	IL6
CDK4	ALB
CDK4	ANAPC1
CDK4	FOXO1
CDK4	JAK3
CDK4	TUBB
CDK4	MITF
CDK4	PKMYT1
CDK4	AR
CDK4	IDH1
CDK4	SMAD4
CDK4	MMP9
CDK4	JAK2
CDK4	SMARCE1
CDK4	PKM
CDK4	SRC
CDK4	MCL1
CDK4	AURKB
CDK4	IGF1R
CDK4	HIF1A
CDK4	CDK9
CDK4	CYP19A1
CDK4	AKT1
CDK4	PIK3CA
CDK4	CDK5
CDK4	ESR1
CDK4	TERT
CDK4	PARP1
CDK4	PLK1
CDK4	CTNNB1
CDK4	GSK3B
CDK4	BCL2
CDK4	BLM
CDK4	SMAD3
CDK4	MYC
CDK4	TP53
CDK4	CDK2
CDK4	CDK6
BLK	TRAF3
BLK	ETS1
BLK	CD247
BLK	PTGER4
BLK	PNOC
BLK	TRAF1
BLK	PPP1R3B
BLK	TNFSF4
BLK	ORMDL3
BLK	BCL2
BLK	IKZF1
BLK	PLCG2
BLK	TNFAIP3
BLK	MS4A1
BLK	EGFR
IL1RN	ALB
IL1RN	MMP12
IL1RN	JAK2
IL1RN	TLR1
IL1RN	MS4A1
IL1RN	TNFRSF8
IL1RN	MMP3
IL1RN	TNFAIP3
IL1RN	IL7R
IL1RN	MMP7
IL1RN	FCER1G
IL1RN	IL2RA
IL1RN	SERPINA1
IL1RN	NOD2
IL1RN	PTGS2
IL1RN	MMP9
IL1RN	MMP13
IL1RN	IL6R
IL1RN	MMP1
IL1RN	IL33
IL1RN	CXCR1
IL1RN	IL13
IL1RN	NLRP3
IL1RN	IL6
IL1RN	IL1R1
RANBP6	WDR36
RANBP6	NUP160
RANBP6	DARS2
TUBB2B	TUBB6
TUBB2B	TUBB4A
TUBB2B	TUBB8
TUBB2B	CKAP5
TUBB2B	TUBB3
TUBB2B	TUBB4B
TUBB2B	TUBA3C
TUBB2B	TUBB2A
TUBB2B	TUBA3E
TUBB2B	TUBA1C
TUBB2B	MAPT
TUBB2B	TUBA1A
TUBB2B	TUBA1B
USP2	EGFR
USP2	MYC
USP2	WDR48
USP2	TP53
USP2	CTNNB1
MMP7	IL7R
MMP7	MET
MMP7	CA6
MMP7	ESR1
MMP7	ADAMTS4
MMP7	BRAF
MMP7	SRC
MMP7	CCN2
MMP7	ALB
MMP7	HIF1A
MMP7	SELE
MMP7	BCL2
MMP7	COL15A1
MMP7	GSK3B
MMP7	EGFR
MMP7	MMP13
MMP7	HNF4A
MMP7	AKT1
MMP7	IL6
MMP7	MYC
MMP7	ELANE
MMP7	PTGS2
MMP7	PLG
MMP7	SOX18
MMP7	HSPA4
MMP7	MMP12
MMP7	FASLG
MMP7	TP53
MMP7	MMP3
MMP7	CTNNB1
MMP7	MMP1
MMP7	MMP9
MMP7	TIMP3
MMP13	TNFSF4
MMP13	PPARG
MMP13	TP53
MMP13	SOX6
MMP13	SOX5
MMP13	COL15A1
MMP13	BCL2
MMP13	NLRP3
MMP13	SMAD3
MMP13	DPP4
MMP13	HIF1A
MMP13	SOST
MMP13	GDF5
MMP13	ADAMTS1
MMP13	RUNX3
MMP13	ALB
MMP13	MMP12
MMP13	CCN2
MMP13	THBS2
MMP13	MMP3
MMP13	AKT1
MMP13	IL13
MMP13	MMP9
MMP13	CTNNB1
MMP13	PTGS2
MMP13	MMP1
MMP13	TIMP3
MMP13	IL6
MMP13	ADAMTS4
MMP13	PLG
TTLL7	CSMD1
CYP2C9	ADH4
CYP2C9	ABCC1
CYP2C9	PTPN1
CYP2C9	XDH
CYP2C9	MTHFR
CYP2C9	PPARA
CYP2C9	MAOB
CYP2C9	MAOA
CYP2C9	CYP19A1
CYP2C9	HNF4A
CYP2C9	TP53
CYP2C9	P2RY12
CYP2C9	PROS1
CYP2C9	H6PD
CYP2C9	HMGCR
CYP2C9	SLCO2B1
CYP2C9	ALB
CYP2C9	F2
CYP2C9	CYP1B1
CYP2C9	ATP4A
CYP2C9	F7
CYP2C9	PLA2G1B
CYP2C9	ABCG2
CYP2C9	ABCB1
CYP2C9	CYP2D6
CYP2C9	ALOX15
CYP2C9	CYP2C8
CYP2C9	ALDH1A1
CYP2C9	UGT1A1
CYP2C9	PTGS2
CYP2C9	PTGS1
CYP2C9	CYP1A2
CYP2C9	ALOX5
CYP2C9	CYP1A1
CYP2C9	VKORC1
CYP2C9	CYP3A4
CYP2C9	CYP2C19
GALC	NPC1
GALC	TUBB3
GALC	RBFOX3
GALC	GLB1
GALC	GBA
NUAK1	TP53
VWF	ANO2
VWF	PTGS1
VWF	ACVRL1
VWF	PLK1
VWF	RBFOX3
VWF	EGFR
VWF	STXBP5
VWF	AXL
VWF	AVPR2
VWF	FCER1G
VWF	TUBB2A
VWF	F5
VWF	PPARG
VWF	PRKG1
VWF	PLCG2
VWF	SERPINA1
VWF	THBS2
VWF	ATP1B1
VWF	BTK
VWF	ELANE
VWF	HIF1A
VWF	HSPA4
VWF	MET
VWF	SERPINE2
VWF	TUBB
VWF	AKT1
VWF	MMP1
VWF	BRAF
VWF	CLEC4M
VWF	PIK3R1
VWF	THPO
VWF	PTPN1
VWF	SLC44A2
VWF	F13B
VWF	STAB2
VWF	IQGAP1
VWF	PROS1
VWF	P2RY12
VWF	SRC
VWF	F11
VWF	SYK
VWF	F13A1
VWF	IL6
VWF	KNG1
VWF	PTK2
VWF	ANGPT1
VWF	TEK
VWF	PLG
VWF	MMP9
VWF	SELE
VWF	NOS3
VWF	KDR
VWF	SERPINC1
VWF	FGG
VWF	FGA
VWF	ALB
VWF	FGB
VWF	CCN2
VWF	F7
VWF	THBD
VWF	F2
VWF	F10
VWF	ADAMTS13
VWF	GP6
VWF	F8
VWF	SELP
RORA	IKZF2
RORA	IL33
RORA	PIM1
RORA	IL13
RORA	IL7R
RORA	TCF7
RORA	ESR1
RORA	FOSL2
RORA	ETS1
RORA	ROR1
RORA	MYC
RORA	IL6
RORA	BCL6
RORA	STAT6
RORA	FOXO1
RORA	GATA3
RORA	HIF1A
RORA	RORC
RIMBP2	RIMS2
TAOK1	FRYL
TAOK1	CDK1
TAOK1	RPS6KA3
TAOK1	TP53
TAOK1	PLK1
CUX2	SOX5
CUX2	MT-ND1
CUX2	LDB2
CUX2	SH2B3
CUX2	ACAD10
SPPL2A	SELP
SERPINA10	F5
SERPINA10	KLKB1
SERPINA10	KNG1
SERPINA10	F13B
SERPINA10	SERPINC1
SERPINA10	F11
SERPINA10	FGB
SERPINA10	F2
SERPINA10	ELANE
SERPINA10	FGG
SERPINA10	PLG
SERPINA10	FGA
SERPINA10	F10
ATF1	MITF
ATF1	RPS6KA1
ATF1	CAMK2B
ATF1	CREBBP
ATF1	CREB3L1
ATF1	CREB1
SMAD7	NOX4
SMAD7	EGFR
SMAD7	MAGI1
SMAD7	JAK1
SMAD7	IGF1R
SMAD7	ALB
SMAD7	PPIA
SMAD7	SRC
SMAD7	HIF1A
SMAD7	GSK3B
SMAD7	BCL2
SMAD7	PPARG
SMAD7	ZFPM2
SMAD7	PIK3R1
SMAD7	IL13
SMAD7	MMP9
SMAD7	IL6
SMAD7	HDAC6
SMAD7	MYC
SMAD7	TP53
SMAD7	ACVRL1
SMAD7	CCN2
SMAD7	HNF4A
SMAD7	AKT1
SMAD7	CTNNB1
SMAD7	SMAD4
SMAD7	SMAD3
PSMB1	RUNX3
PSMB1	TNFRSF11A
PSMB1	SUFU
PSMB1	ANAPC1
PSMB1	TNKS
PSMB1	TNKS2
PSMB1	TRAF3
PSMB1	CDK2
PSMB1	HIF1A
PSMB1	GSK3B
PSMB1	PRDX1
PSMB1	TP53
PSMB1	HNRNPA1
PSMB1	SNCA
PSMB1	UBQLN4
PSMB1	PSMC3
PSMB1	PSMB5
RCOR1	GATA3
RCOR1	SETD7
RCOR1	DCAF6
RCOR1	ZFPM1
RCOR1	SMAD4
RCOR1	MYC
RCOR1	SOX6
RCOR1	CDK9
RCOR1	CTDSP1
RCOR1	HDAC6
RCOR1	MECOM
RCOR1	ERCC3
RCOR1	PHC1
RCOR1	PPARG
RCOR1	ESR1
RCOR1	ARID4A
RCOR1	HSPA4
RCOR1	MAOA
RCOR1	MAOB
RCOR1	TP53
RCOR1	AR
RCOR1	NR4A2
RCOR1	HDAC8
RCOR1	SMARCE1
RCOR1	ZNF217
RCOR1	PHF21A
RCOR1	KDM1A
PKMYT1	ANAPC1
PKMYT1	BCL2
PKMYT1	CDK6
PKMYT1	NEK2
PKMYT1	AURKB
PKMYT1	CDK2
PKMYT1	CKAP5
PKMYT1	RPS6KA3
PKMYT1	RPS6KA2
PKMYT1	RPS6KA1
PKMYT1	PLK1
PKMYT1	CDK1
CREBBP	FADS1
CREBBP	MLLT10
CREBBP	RORC
CREBBP	IL6
CREBBP	JAK3
CREBBP	MAPT
CREBBP	MEF2D
CREBBP	NSD2
CREBBP	KDM1A
CREBBP	TNFAIP3
CREBBP	JAK2
CREBBP	BRAF
CREBBP	RPS6KA2
CREBBP	ARID4A
CREBBP	IKZF1
CREBBP	TNFRSF14
CREBBP	JAK1
CREBBP	CYP1A1
CREBBP	ESR2
CREBBP	HMGCR
CREBBP	MECOM
CREBBP	RPS6KA3
CREBBP	FABP1
CREBBP	CDK1
CREBBP	CHD9
CREBBP	CDK9
CREBBP	CA9
CREBBP	IGF1R
CREBBP	RUNX3
CREBBP	MIER1
CREBBP	ZNF217
CREBBP	GSK3B
CREBBP	PIK3R1
CREBBP	EGFR
CREBBP	PPARD
CREBBP	NFATC2
CREBBP	NFE2
CREBBP	BCL6
CREBBP	PIK3CA
CREBBP	KLF5
CREBBP	HDAC8
CREBBP	PARP1
CREBBP	BCL2
CREBBP	HDAC6
CREBBP	APP
CREBBP	GATA3
CREBBP	PPARA
CREBBP	RPS6KA1
CREBBP	AKT1
CREBBP	ETS1
CREBBP	TDG
CREBBP	CAMK2B
CREBBP	SMAD4
CREBBP	CDK2
CREBBP	TCF7
CREBBP	CREB3L1
CREBBP	SRC
CREBBP	MYC
CREBBP	STAT6
CREBBP	AR
CREBBP	HNF4A
CREBBP	NCOA6
CREBBP	ESR1
CREBBP	FOXO1
CREBBP	KMT2A
CREBBP	SMAD3
CREBBP	PPARG
CREBBP	CTNNB1
CREBBP	HIF1A
CREBBP	CREB1
CREBBP	TP53
SLC4A1	FUT2
SLC4A1	FGG
SLC4A1	BRD3
SLC4A1	FGA
SLC4A1	PIEZO1
SLC4A1	TSPO2
SLC4A1	IL6
SLC4A1	SLC12A1
SLC4A1	ATP4A
SLC4A1	CA4
SLC4A1	HBB
SLC4A1	CA9
SLC4A1	SLC25A37
SLC4A1	SYK
SLC4A1	SNCA
SLC4A1	SLC2A1
SLC4A1	TRIM58
SLC4A1	CA1
SLC4A1	CA2
SLC4A1	ANK3
ATP4A	IL13
ATP4A	CYP19A1
ATP4A	PTGS1
ATP4A	UGT1A1
ATP4A	TNFRSF11A
ATP4A	CA9
ATP4A	ABCG2
ATP4A	ESR1
ATP4A	CYP2C8
ATP4A	LAMP1
ATP4A	IL6
ATP4A	HMGCR
ATP4A	ABCB1
ATP4A	CYP1A2
ATP4A	F2
ATP4A	PTGS2
ATP4A	AKT1
ATP4A	P2RY12
ATP4A	CYP2D6
ATP4A	ATP1B1
ATP4A	CYP3A4
ATP4A	ALB
ATP4A	CA2
ATP4A	CYP2C19
ATP4A	ATP4B
PRDX1	NOX4
PRDX1	CBR1
PRDX1	TUBA1C
PRDX1	AKR1B1
PRDX1	PKM
PRDX1	UGT1A1
PRDX1	AKT1
PRDX1	TNKS2
PRDX1	HSP90B1
PRDX1	GLO1
PRDX1	TNKS
PRDX1	PTPN1
PRDX1	CDK1
PRDX1	IDH1
PRDX1	CDK2
PRDX1	HSPA4
PRDX1	PSMB5
PRDX1	H6PD
PRDX1	ALB
PRDX1	AR
PRDX1	EGFR
PRDX1	PPIA
PRDX1	TP53
PRDX1	MYC
PRDX1	CDK5
TRPC5	ANK3
SMG6	HDAC8
SMG6	TERT
CCDC6	FUT2
CCDC6	PIK3CA
CCDC6	KDM1A
CCDC6	PIK3R1
CCDC6	ZNF444
CCDC6	QSER1
CCDC6	EGFR
CCDC6	ALK
CCDC6	BRAF
PRKCQ	ZBTB16
PRKCQ	TRAF1
PRKCQ	TNFAIP3
PRKCQ	HLA-DRB5
PRKCQ	PRKG1
PRKCQ	PRKCA
PRKCQ	SH2B3
PRKCQ	CLEC16A
PRKCQ	AKT1
PRKCQ	TAGAP
PRKCQ	GATA3
PRKCQ	BTK
PRKCQ	ITK
PRKCQ	BRAF
PRKCQ	CD247
P2RX3	KNG1
P2RX3	P2RY12
NOX4	WWOX
NOX4	FOXO1
NOX4	EGFR
NOX4	NLRP3
NOX4	GSK3B
NOX4	PPARA
NOX4	IGF1R
NOX4	PTPN1
NOX4	PTGS2
NOX4	TP53
NOX4	MMP9
NOX4	MMP1
NOX4	PPARG
NOX4	ALB
NOX4	MAOA
NOX4	BCL2
NOX4	HIF1A
NOX4	CCN2
NOX4	KDR
NOX4	IL6
NOX4	AKT1
NOX4	NOS3
NOX4	SRC
NOX4	XDH
NOX4	SMAD3
TYR	EGFR
TYR	CDK2
TYR	CPS1
TYR	TERT
TYR	HBB
TYR	ABCB5
TYR	CTNNB1
TYR	AKT1
TYR	MAOB
TYR	MAOA
TYR	CREB1
TYR	TP53
TYR	PPARG
TYR	CYP1B1
TYR	DPP4
TYR	BNC2
TYR	MMP9
TYR	ACHE
TYR	MET
TYR	AXL
TYR	ALB
TYR	PTGS2
TYR	LRMDA
TYR	BRAF
TYR	TYRP1
TYR	MITF
IL37	NLRP3
IL37	IL13
IL37	IL6
IL37	IL33
IL37	IL1R1
IL37	SMAD3
BARHL1	ARL13B
BARHL1	SFRP2
SELP	MAOA
SELP	PTGS2
SELP	TBXA2R
SELP	F11
SELP	XDH
SELP	F13A1
SELP	KDR
SELP	SRC
SELP	IL13
SELP	ANGPT1
SELP	TEK
SELP	MET
SELP	DPP4
SELP	PLCG2
SELP	PTGS1
SELP	AKT1
SELP	SLC2A1
SELP	SYK
SELP	F10
SELP	SERPINC1
SELP	FCER1G
SELP	F7
SELP	THPO
SELP	PSG8
SELP	SNX20
SELP	MMP9
SELP	CXCR1
SELP	PLG
SELP	NOS3
SELP	ADAMTS13
SELP	F5
SELP	F8
SELP	KNG1
SELP	ELANE
SELP	F2
SELP	ALB
SELP	THBD
SELP	P2RY12
SELP	IL6
SELP	FUT7
SELP	GP6
SELP	SELE
FNBP4	PSMC3
FNBP4	NUP160
KDR	PIM1
KDR	FASLG
KDR	THBS2
KDR	MMP3
KDR	PRKCA
KDR	SYK
KDR	MMP1
KDR	CDK2
KDR	ITK
KDR	PARP1
KDR	FGG
KDR	FOXA2
KDR	MCL1
KDR	ETS1
KDR	IQSEC1
KDR	ZFPM1
KDR	ABCB1
KDR	CCN2
KDR	IDH1
KDR	FGB
KDR	TNFAIP8
KDR	ZFPM2
KDR	TERT
KDR	APP
KDR	YES1
KDR	CA9
KDR	SMAD4
KDR	PTGS2
KDR	ABCG2
KDR	KNG1
KDR	F13A1
KDR	PLG
KDR	ACVRL1
KDR	IGF1R
KDR	CA4
KDR	ESR2
KDR	EPHA3
KDR	THPO
KDR	SMAD3
KDR	IL6R
KDR	HSPA4
KDR	CXCR1
KDR	BCL2
KDR	SLC2A1
KDR	ALB
KDR	SELE
KDR	AXL
KDR	PPARG
KDR	IL6
KDR	ESR1
KDR	EFNA5
KDR	AKT1
KDR	NOS3
KDR	MYC
KDR	TP53
KDR	PTPRJ
KDR	SOX18
KDR	TEK
KDR	HIF1A
KDR	EGFR
KDR	MMP9
KDR	MET
KDR	PLCG2
KDR	JAK2
KDR	PTPN1
KDR	PIK3R1
KDR	IQGAP1
KDR	JAK1
KDR	PTK2
KDR	TIMP3
KDR	PIK3CA
KDR	ANGPT1
KDR	CTNNB1
KDR	SRC
TNFRSF8	ELANE
TNFRSF8	DPP4
TNFRSF8	EGFR
TNFRSF8	IL13
TNFRSF8	CD247
TNFRSF8	IL6
TNFRSF8	IL7R
TNFRSF8	TP53
TNFRSF8	MYC
TNFRSF8	DUSP22
TNFRSF8	FCER1G
TNFRSF8	FASLG
TNFRSF8	BCL2
TNFRSF8	IL2RA
TNFRSF8	BCL6
TNFRSF8	ALK
TNFRSF8	CD5
TNFRSF8	TNFRSF14
TNFRSF8	TNFSF4
TNFRSF8	TRAF1
TNFRSF8	TRAF3
PIK3CA	TRAF3
PIK3CA	ZNF217
PIK3CA	NRG3
PIK3CA	PLK1
PIK3CA	CREB1
PIK3CA	ROBO1
PIK3CA	IL6
PIK3CA	RPS6KA3
PIK3CA	CDK2
PIK3CA	MAP3K2
PIK3CA	IL2RA
PIK3CA	AURKB
PIK3CA	HSPA4
PIK3CA	MCL1
PIK3CA	GFRA1
PIK3CA	SYNE1
PIK3CA	CYP19A1
PIK3CA	IQGAP1
PIK3CA	SMAD3
PIK3CA	HIF1A
PIK3CA	PPARG
PIK3CA	EPHA3
PIK3CA	AR
PIK3CA	CD247
PIK3CA	ESR2
PIK3CA	LRP1B
PIK3CA	GATA3
PIK3CA	RPS6KA1
PIK3CA	CDK6
PIK3CA	BCL2
PIK3CA	PARP1
PIK3CA	HDAC6
PIK3CA	GSK3B
PIK3CA	PRKCA
PIK3CA	ANGPT1
PIK3CA	YES1
PIK3CA	TERT
PIK3CA	TEK
PIK3CA	PLCE1
PIK3CA	IDH1
PIK3CA	FOXO1
PIK3CA	MYC
PIK3CA	AXL
PIK3CA	SMAD4
PIK3CA	CTNNB1
PIK3CA	FCER1G
PIK3CA	LIFR
PIK3CA	ITK
PIK3CA	INPP5D
PIK3CA	PLCG2
PIK3CA	SYK
PIK3CA	ESR1
PIK3CA	TP53
PIK3CA	BTK
PIK3CA	BRAF
PIK3CA	MET
PIK3CA	JAK3
PIK3CA	JAK1
PIK3CA	PTK2
PIK3CA	IGF1R
PIK3CA	ALK
PIK3CA	JAK2
PIK3CA	SRC
PIK3CA	AKT1
PIK3CA	EGFR
PIK3CA	PIK3R1
TUBB4A	TUBB8
TUBB4A	TUBB
TUBB4A	CEP57
TUBB4A	SEPTIN2
TUBB4A	SLC2A1
TUBB4A	ANK3
TUBB4A	TUBB6
TUBB4A	CKAP5
TUBB4A	TUBB3
TUBB4A	TUBA3C
TUBB4A	TUBB2A
TUBB4A	PLK1
TUBB4A	TUBB4B
TUBB4A	MAPT
TUBB4A	TUBA3E
TUBB4A	TUBA1B
TUBB4A	TUBA1C
TUBB4A	TUBA1A
KYNU	SERPINC1
KYNU	GCKR
KYNU	FGA
KYNU	TPH2
KYNU	GPR35
KYNU	NAPRT
KYNU	KNG1
FAM13A	ABCG2
FAM13A	CFDP1
FAM13A	LRMDA
FAM13A	LYPLAL1
FAM13A	MMP1
FAM13A	RAB4B
FAM13A	SPPL2C
FAM13A	SERPINE2
FAM13A	SERPINA1
FAM13A	MMP12
MECOM	MLLT10
MECOM	KLF5
MECOM	SMAD4
MECOM	RUNX3
MECOM	PHC1
MECOM	KMT2A
MECOM	KDM1A
MECOM	PPARG
MECOM	ZFPM2
MECOM	TP53
MECOM	SMAD3
KLKB1	HGFAC
KLKB1	FGB
KLKB1	ADAMTS1
KLKB1	ALB
KLKB1	SERPINE2
KLKB1	CTNNB1
KLKB1	CYP4V2
KLKB1	F13B
KLKB1	FGA
KLKB1	FGG
KLKB1	MMP1
KLKB1	MMP3
KLKB1	SERPINA1
KLKB1	F13A1
KLKB1	ELANE
KLKB1	F5
KLKB1	F8
KLKB1	THBD
KLKB1	F7
KLKB1	F2
KLKB1	F10
KLKB1	AR
KLKB1	GBA
KLKB1	SERPINC1
KLKB1	F11
KLKB1	MSMB
KLKB1	PLG
KLKB1	KNG1
KIF3C	KIFAP3
FOSL2	FOXO1
FOSL2	RORC
FOSL2	IL6
FOSL2	MYC
FOSL2	ESR1
FOSL2	BCL2
FOSL2	MCL1
FOSL2	SMAD3
FOSL2	NR4A2
FOSL2	HIF1A
FOSL2	CREB1
FOSL2	LIFR
GCKR	NUP160
GCKR	GIPR
GCKR	SHBG
GCKR	SLC2A9
GCKR	FTO
GCKR	H6PD
GCKR	HK1
GCKR	PPP1R3B
GCKR	LYPLAL1
SLC2A9	SLC15A2
SLC2A9	CARMIL1
SLC2A9	ALDH16A1
SLC2A9	XDH
SLC2A9	ABCG2
F13A1	PROS1
F13A1	THBS2
F13A1	FCER1G
F13A1	P2RY12
F13A1	APP
F13A1	IL13
F13A1	MS4A6A
F13A1	MTHFR
F13A1	KNG1
F13A1	SERPINE2
F13A1	F10
F13A1	F5
F13A1	SERPINC1
F13A1	GLO1
F13A1	FGB
F13A1	FGG
F13A1	FGA
F13A1	F2
F13A1	F13B
CDH6	COL15A1
CDH6	CDH4
CDH6	CDH7
CDH6	CTNNB1
SPDL1	ALB
SPDL1	CDK1
SPDL1	PLK1
POLB	HDAC8
POLB	TDG
POLB	POLE4
POLB	TP53
POLB	TDP1
POLB	PARP1
AHI1	ZNF423
AHI1	WWOX
AHI1	HDAC6
AHI1	SEPTIN2
AHI1	CTNNB1
AHI1	JAK2
AHI1	ARL13B
CDK6	ALB
CDK6	HEXIM1
CDK6	IDH1
CDK6	IL6
CDK6	CYP19A1
CDK6	EYA2
CDK6	PIK3R1
CDK6	AKT1
CDK6	MLLT10
CDK6	MET
CDK6	FOXO1
CDK6	SMAD4
CDK6	MMP9
CDK6	CDK5
CDK6	AXL
CDK6	PLK1
CDK6	ANAPC1
CDK6	HIF1A
CDK6	SRC
CDK6	JAK2
CDK6	CDK1
CDK6	SMAD3
CDK6	ESR1
CDK6	ANK3
CDK6	MCL1
CDK6	TERT
CDK6	CDK9
CDK6	HSPA4
CDK6	PARP1
CDK6	HNRNPA1
CDK6	AR
CDK6	AURKB
CDK6	BCL2
CDK6	CTNNB1
CDK6	MYC
CDK6	TP53
CDK6	CDK2
TIMP3	PLG
TIMP3	BCL2
TIMP3	ALK
TIMP3	HIF1A
TIMP3	CTNNB1
TIMP3	ESR1
TIMP3	AKT1
TIMP3	RUNX3
TIMP3	EGFR
TIMP3	TP53
TIMP3	MYC
TIMP3	JAK2
TIMP3	HIC1
TIMP3	IL6
TIMP3	THBS2
TIMP3	SYN3
TIMP3	ADAMTS1
TIMP3	DAPK1
TIMP3	MMP12
TIMP3	CCN2
TIMP3	MMP1
TIMP3	ADAMTS4
TIMP3	MMP3
TIMP3	MMP9
CDK2	ELAVL1
CDK2	SMAD4
CDK2	FASLG
CDK2	JAK3
CDK2	CREB1
CDK2	TUBB
CDK2	CYP19A1
CDK2	PPARG
CDK2	F2
CDK2	BCL6
CDK2	HSPA4
CDK2	MAPT
CDK2	NEK2
CDK2	DPP4
CDK2	IQGAP1
CDK2	HEXIM1
CDK2	INCENP
CDK2	IL6
CDK2	RTEL1
CDK2	PSMC3
CDK2	UBQLN4
CDK2	AR
CDK2	MITF
CDK2	JAK1
CDK2	GATA3
CDK2	ALB
CDK2	POLE4
CDK2	SIRT6
CDK2	DMWD
CDK2	DLGAP1
CDK2	MMP9
CDK2	EGFR
CDK2	AKT1
CDK2	PTGS2
CDK2	BABAM2
CDK2	MCL1
CDK2	PSMB5
CDK2	NSD2
CDK2	AURKB
CDK2	BLM
CDK2	TERT
CDK2	PARP1
CDK2	ESR1
CDK2	CTNNB1
CDK2	PLK1
CDK2	GSK3B
CDK2	HIF1A
CDK2	BCL2
CDK2	SMAD3
CDK2	ANAPC1
CDK2	CDK5
CDK2	MYC
CDK2	FOXO1
CDK2	TP53
CDK2	CDK1
IQGAP1	FGG
IQGAP1	FGA
IQGAP1	ARL13B
IQGAP1	SERPINE2
IQGAP1	FGB
IQGAP1	FCHO2
IQGAP1	APP
IQGAP1	CPNE8
IQGAP1	DGKZ
IQGAP1	CKAP5
IQGAP1	CDK1
IQGAP1	CDK9
IQGAP1	MYC
IQGAP1	HSP90B1
IQGAP1	FOXO1
IQGAP1	ELAVL1
IQGAP1	PKN1
IQGAP1	PIK3R1
IQGAP1	GSK3B
IQGAP1	PLCE1
IQGAP1	ARHGAP1
IQGAP1	ESR1
IQGAP1	EGFR
IQGAP1	SRC
IQGAP1	AKT1
IQGAP1	BRAF
IQGAP1	CTNNB1
NPC1	PTPRK
NPC1	APP
NPC1	HSPA4
NPC1	GBA
NPC1	FTO
NPC1	LAMP1
NPC1	HMGCR
TP53	SPHK1
TP53	PPARD
TP53	SH2B3
TP53	PTGER4
TP53	ZMIZ1
TP53	PAX7
TP53	ZNF217
TP53	TEK
TP53	IL13
TP53	TLR3
TP53	TENT5C
TP53	MTHFR
TP53	RBFOX3
TP53	FOXA2
TP53	IP6K2
TP53	XDH
TP53	TSHR
TP53	NFATC2
TP53	CYP3A4
TP53	PLCG2
TP53	PLCE1
TP53	MAPT
TP53	PTPN1
TP53	DGKZ
TP53	NEK2
TP53	DAPK2
TP53	DHFR2
TP53	HEXIM1
TP53	RECQL
TP53	MAP1A
TP53	LAMP1
TP53	HMGCR
TP53	HBB
TP53	TRAF3
TP53	C4BPA
TP53	ABCC1
TP53	PLG
TP53	UGT1A1
TP53	MAP1LC3A
TP53	PC
TP53	NOS3
TP53	SYNE1
TP53	MMP3
TP53	SUFU
TP53	TUBB4B
TP53	EPHA3
TP53	MMP1
TP53	IPMK
TP53	AXL
TP53	GBA
TP53	RPS6KA2
TP53	MAP3K2
TP53	MSX1
TP53	PPARA
TP53	ALDH1A1
TP53	PSMB5
TP53	HIC1
TP53	RPS26
TP53	CCN2
TP53	TUBB3
TP53	HNRNPA1
TP53	SYK
TP53	TRAF1
TP53	TUBA1C
TP53	IKZF1
TP53	JAK3
TP53	CD5
TP53	CYP19A1
TP53	CA9
TP53	PSMC3
TP53	CYP1A2
TP53	PHC1
TP53	MITF
TP53	LRP1B
TP53	TYRP1
TP53	BRD3
TP53	DAPK3
TP53	HDAC6
TP53	TCF7
TP53	PPIA
TP53	HSP90B1
TP53	ABCG2
TP53	ABCB1
TP53	CYP1B1
TP53	RPS6KA3
TP53	NLRP3
TP53	SFPQ
TP53	BTK
TP53	DPP4
TP53	BABAM2
TP53	RAD51B
TP53	LMNA
TP53	SNCA
TP53	ASH2L
TP53	RPS6KA1
TP53	CYP1A1
TP53	PRKCA
TP53	ZBTB16
TP53	TNFAIP3
TP53	TUBB2A
TP53	APP
TP53	SMN1
TP53	FASLG
TP53	ALB
TP53	TUBB
TP53	GATA3
TP53	JAK2
TP53	SIRT6
TP53	ANK3
TP53	HDAC8
TP53	KMT2A
TP53	KLF5
TP53	NSD2
TP53	ALK
TP53	JAK1
TP53	IL6
TP53	NCOA6
TP53	ESR2
TP53	TDG
TP53	STAT6
TP53	MET
TP53	PKM
TP53	MMP9
TP53	ELAVL1
TP53	IDH1
TP53	IGF1R
TP53	PIK3R1
TP53	DAPK1
TP53	HNF4A
TP53	SMAD4
TP53	H6PD
TP53	SRC
TP53	FOXO1
TP53	BRAF
TP53	CDK9
TP53	TERT
TP53	AR
TP53	ERCC3
TP53	AURKB
TP53	WWOX
TP53	MCL1
TP53	CTNNB1
TP53	PTK2
TP53	BLM
TP53	RUNX3
TP53	KDM1A
TP53	EGFR
TP53	BANP
TP53	SETD7
TP53	PPARG
TP53	BCL6
TP53	POLI
TP53	CDK1
TP53	SMAD3
TP53	CDK5
TP53	SLC2A1
TP53	PARP1
TP53	ETS1
TP53	PTGS2
TP53	PLK1
TP53	L3MBTL1
TP53	GSK3B
TP53	ESR1
TP53	AKT1
TP53	HSPA4
TP53	MYC
TP53	CREB1
TP53	HIF1A
TP53	BCL2
DMWD	UBQLN4
DMWD	WDR48
DMWD	DMPK
CELSR2	DTWD2
CELSR2	APOC1
CELSR2	PHACTR1
CELSR2	GALNT2
CELSR2	HMGCR
CELSR2	PSRC1
MEF2D	PIK3R1
MEF2D	PTK2
MEF2D	ASTN2
MEF2D	AKT1
MEF2D	NR4A2
MEF2D	PAX7
MEF2D	KMT2A
MEF2D	CDH4
MEF2D	CTNNB1
MEF2D	SNCA
MEF2D	CREB1
MEF2D	ASH2L
MEF2D	NFATC2
CTDSP1	LYPLAL1
STXBP5L	RIMS2
STXBP5L	STXBP5
STXBP5L	STX10
STXBP5L	STX2
STXBP5L	STX19
FABP2	FABP5
FABP2	IL6
FABP2	HMGCR
FABP2	PPARA
FABP2	PPARG
FABP2	FABP1
SETD7	EZH1
SETD7	PACSIN3
SETD7	HIF1A
SETD7	AR
SETD7	NSD2
SETD7	KMT2A
SETD7	L3MBTL1
SETD7	ASH2L
SETD7	KDM1A
SETD7	ESR1
SETD7	FOXO1
SFRP2	AKT1
SFRP2	RUNX3
SFRP2	HIC1
SFRP2	MYC
SFRP2	GSK3B
SFRP2	HNF4A
SFRP2	SOST
SFRP2	MSX1
SFRP2	WNT9B
SFRP2	CTNNB1
SFRP2	WNT7B
OSMR	IL33
OSMR	THPO
OSMR	EGFR
OSMR	TSLP
OSMR	IL13
OSMR	IL6R
OSMR	JAK3
OSMR	LIFR
OSMR	JAK2
OSMR	IL6
OSMR	CTF1
OSMR	JAK1
OSMR	IL31
GNA12	RGS14
GNA12	MYC
GNA12	F2RL1
GNA12	PLCE1
GNA12	STX2
GNA12	TSHR
GNA12	RGSL1
GNA12	AKT1
GNA12	ARHGEF28
GNA12	RGS18
GNA12	GRM8
GNA12	CXCR1
GNA12	AVPR2
GNA12	ADGRL2
GNA12	TBXA2R
GNA12	SRC
GNA12	BTK
GNA12	IGF1R
EGFR	TRAF3
EGFR	PTGER4
EGFR	KLF5
EGFR	PTGS1
EGFR	WNT7B
EGFR	UBQLN4
EGFR	BRD3
EGFR	PPARA
EGFR	ANK3
EGFR	UGT1A1
EGFR	TCF7
EGFR	P2RY12
EGFR	MITF
EGFR	SH2B3
EGFR	BTK
EGFR	SOST
EGFR	ELAVL1
EGFR	TUBB3
EGFR	PLG
EGFR	CYP3A4
EGFR	SYK
EGFR	TUBB2A
EGFR	TEK
EGFR	ABCC1
EGFR	DHFR2
EGFR	ALK
EGFR	CD247
EGFR	ACHE
EGFR	LRP1B
EGFR	GATA3
EGFR	STEAP1
EGFR	MMP12
EGFR	TUBB
EGFR	HNF4A
EGFR	ESRRA
EGFR	STAT6
EGFR	LEPR
EGFR	CDK5
EGFR	PLEC
EGFR	GRIN2B
EGFR	ETS1
EGFR	IL33
EGFR	GSK3B
EGFR	CBR1
EGFR	CREB1
EGFR	ALDH1A1
EGFR	SMAD3
EGFR	CYP1A1
EGFR	IL1R1
EGFR	BRAF
EGFR	PPARD
EGFR	PKM
EGFR	CA9
EGFR	CXCR1
EGFR	ABCB1
EGFR	LIFR
EGFR	CYP19A1
EGFR	PTPRJ
EGFR	ANO1
EGFR	PIM1
EGFR	LMNA
EGFR	ABCG2
EGFR	MCL1
EGFR	IL6R
EGFR	FASLG
EGFR	CTF1
EGFR	MMP1
EGFR	TERT
EGFR	ROR1
EGFR	SLC2A1
EGFR	THPO
EGFR	ITK
EGFR	FOXO1
EGFR	TSLP
EGFR	SNCA
EGFR	TLR3
EGFR	SMAD4
EGFR	MMP3
EGFR	LAMP1
EGFR	PARP1
EGFR	EFNA5
EGFR	ESR2
EGFR	HSP90B1
EGFR	IQSEC1
EGFR	AKT1
EGFR	AXL
EGFR	IDH1
EGFR	CCN2
EGFR	ALB
EGFR	IL13
EGFR	TUBA1A
EGFR	MMP9
EGFR	PTPRK
EGFR	MAPT
EGFR	PTGS2
EGFR	BCL2
EGFR	PPARG
EGFR	CDK1
EGFR	ANGPT1
EGFR	AR
EGFR	NRG3
EGFR	MYC
EGFR	APP
EGFR	YES1
EGFR	HDAC6
EGFR	PRKCA
EGFR	HIF1A
EGFR	HSPA4
EGFR	JAK3
EGFR	JAK1
EGFR	SH3GL2
EGFR	IL6
EGFR	JAK2
EGFR	ESR1
EGFR	IGF1R
EGFR	PLCG2
EGFR	MET
EGFR	PTPN1
EGFR	PIK3R1
EGFR	CTNNB1
EGFR	SRC
EGFR	PTK2
HABP2	F13B
HABP2	MTHFR
HABP2	F7
HABP2	THBD
HABP2	F2
HABP2	ALB
HABP2	PROS1
HABP2	SERPINC1
HABP2	PLG
HABP2	FGA
HABP2	FGG
HABP2	FGB
MYRF	TMEM258
FADS2	TMEM258
FADS2	PPARG
FADS2	ALOX5
FADS2	HMGCR
FADS2	PPARA
FADS2	PLA2G1B
CTF1	SMN1
CTF1	IL31
CTF1	IL2RA
CTF1	IL7R
CTF1	JAK1
CTF1	LEPR
CTF1	JAK2
CTF1	IL6
CTF1	IL6R
CTF1	LIFR
ANK3	PIEZO1
ANK3	SYNE1
ANK3	MYC
ANK3	JAK3
ANK3	SLC2A1
ANK3	TUBB2A
ANK3	CTNNB1
ANK3	AKT1
ANK3	BCL2
ANK3	DLGAP1
ANK3	TUBA1A
ANK3	GRIN2B
ANK3	PARP1
ANK3	SYK
ANK3	ALB
ANK3	PLEC
ANK3	DGKZ
ANK3	SRC
ANK3	NAV1
DIP2C	DLGAP1
DIP2C	ANAPC1
DIP2C	FBH1
DIP2C	CYP4V2
TNFSF4	TLR3
TNFSF4	IL2RA
TNFSF4	FASLG
TNFSF4	IL7R
TNFSF4	GATA3
TNFSF4	THBD
TNFSF4	TNFAIP3
TNFSF4	IL33
TNFSF4	IL13
TNFSF4	IL6
TNFSF4	TNFRSF14
TNFSF4	TSLP
GRID2	DLGAP1
GRID2	DPP10
GRID2	GRM8
GRID2	GRIN2B
GRID2	GRIK2
PDE3B	JAK2
PDE3B	PDE11A
PDE3B	PDE4D
PDE3B	CAMK2B
PDE3B	AK5
PDE3B	ADCY10
PDE3B	GUCY1A2
PDE3B	GUCY1A1
PDE3B	GUCY1B1
PDE3B	ADCY1
PDE3B	ENPP1
PDE3B	PDE3A
PDE3B	AKT1
GUCY1A2	ADCY1
GUCY1A2	NME7
GUCY1A2	PDE3A
GUCY1A2	PDE11A
GUCY1A2	PKM
GUCY1A2	ENPP1
GUCY1A2	PRKG1
GUCY1A2	GUCY1A1
GUCY1A2	GUCY1B1
CFDP1	LRMDA
CFDP1	ETS1
JAZF1	FOXA2
JAZF1	MYC
JAZF1	LYPLAL1
JAZF1	SP6
JAZF1	PHC1
JAZF1	PPARG
JAZF1	FTO
JAZF1	MSMB
ABCA6	ABCB1
ABCA6	FOXO1
APP	PIEZO1
APP	P2RY12
APP	IGF1R
APP	CYP2C8
APP	TUBA3E
APP	CDK1
APP	HMGCR
APP	ESR1
APP	MT-ND1
APP	HTR2A
APP	TUBA1C
APP	TUBA1B
APP	SYN3
APP	GBA
APP	F5
APP	MYC
APP	MS4A6A
APP	HIF1A
APP	MAOA
APP	TUBA1A
APP	ELAVL1
APP	IDH1
APP	MAP1LC3A
APP	SH3GL2
APP	IL1R1
APP	RGS18
APP	HNRNPA1
APP	GRK5
APP	SMAD4
APP	PPARG
APP	LAMP1
APP	TSPAN15
APP	HSP90B1
APP	FGB
APP	MAOB
APP	BCL2
APP	HDLBP
APP	FGG
APP	PTGS2
APP	MMP9
APP	AKT1
APP	RBFOX3
APP	NOS3
APP	IL6
APP	PLG
APP	BTK
APP	CREB1
APP	LRP1B
APP	KNG1
APP	SERPINA1
APP	LRP4
APP	HPR
APP	FGA
APP	APOC1
APP	CTNNB1
APP	HSPA4
APP	SRC
APP	CDK5
APP	GRIN2B
APP	GSK3B
APP	ALB
APP	ACHE
APP	F11
APP	SNCA
APP	MAPT
APP	BACE1
ADAMTS1	PTGS2
ADAMTS1	SERPINE2
ADAMTS1	PPARA
ADAMTS1	ADAMTS4
ADAMTS1	MMP1
ADAMTS1	IL6
ADAMTS1	MMP3
ADAMTS1	MMP9
ADAMTS1	CCN2
CA2	PTPN1
CA2	SOST
CA2	BACE1
CA2	F10
CA2	MMP9
CA2	MYC
CA2	PPIA
CA2	CYP19A1
CA2	SRC
CA2	CA4
CA2	TNFRSF11A
CA2	ALB
CA2	CA9
CA2	CA7
CA2	CA3
CA2	SLC16A1
CA2	CA1
CA3	CA7
CA3	ALB
CA3	CA1
CA3	CA4
ERCC3	AR
ERCC3	POLI
ERCC3	RAD51B
ERCC3	RECQL
ERCC3	HSPA4
ERCC3	FBH1
ERCC3	KDM1A
ERCC3	PHF21A
ERCC3	ESR1
ERCC3	RTEL1
ERCC3	PARP1
ERCC3	CDK9
ERCC3	MYC
AKR1B1	GSK3B
AKR1B1	IL6
AKR1B1	PPARA
AKR1B1	ALDH1A1
AKR1B1	XDH
AKR1B1	ROR1
AKR1B1	AKT1
AKR1B1	KMT2A
AKR1B1	DPP4
AKR1B1	PTGS2
AKR1B1	SMAD4
AKR1B1	NOS3
AKR1B1	CA1
AKR1B1	MAOB
AKR1B1	MAOA
AKR1B1	ALB
AKR1B1	PTPN1
AKR1B1	H6PD
AKR1B1	FABP5
AKR1B1	PPARG
AKR1B1	GLO1
AKR1B1	HK1
AKR1B1	TPH2
AKR1B1	GLB1
AKR1B1	AKR1B10
AKR1B1	DHFR2
AKR1B1	CBR1
PDE11A	ESR1
PDE11A	PDE4D
PDE11A	PDE3A
PDE11A	CREB1
PDE11A	AK5
PDE11A	ADCY10
PDE11A	GUCY1A1
PDE11A	GUCY1B1
PDE11A	ADCY1
PDE11A	ENPP1
PPARG	TLR3
PPARG	ACHE
PPARG	IL1R1
PPARG	MAOA
PPARG	NEK2
PPARG	HSP90B1
PPARG	SOST
PPARG	SHBG
PPARG	ABCG2
PPARG	FOXA2
PPARG	PKM
PPARG	PC
PPARG	MMP3
PPARG	HSPA4
PPARG	SMAD4
PPARG	TSHR
PPARG	IL33
PPARG	H6PD
PPARG	HSD11B1
PPARG	CYP3A4
PPARG	SELE
PPARG	XDH
PPARG	TDG
PPARG	PNLIP
PPARG	BACE1
PPARG	NLRP3
PPARG	HIC1
PPARG	TERT
PPARG	GATA3
PPARG	ALOX5
PPARG	PHC1
PPARG	AR
PPARG	CYP19A1
PPARG	ASH2L
PPARG	ESR2
PPARG	ALOX15
PPARG	CYP1A1
PPARG	PTPN1
PPARG	SLC2A1
PPARG	CCN2
PPARG	HPGD
PPARG	HNF4A
PPARG	SERPINA6
PPARG	SYK
PPARG	MYC
PPARG	CISD1
PPARG	SIRT6
PPARG	FABP1
PPARG	FTO
PPARG	DPP4
PPARG	NOS3
PPARG	PARP1
PPARG	GSK3B
PPARG	SFPQ
PPARG	KDM1A
PPARG	PPARA
PPARG	IGF1R
PPARG	BCL2
PPARG	HMGCR
PPARG	LMNA
PPARG	BRAF
PPARG	CREB1
PPARG	IL13
PPARG	ALB
PPARG	PTGS1
PPARG	JAK2
PPARG	ZNF423
PPARG	PPARD
PPARG	LEPR
PPARG	PTGS2
PPARG	SRC
PPARG	MMP9
PPARG	AKT1
PPARG	ESR1
PPARG	PRKCA
PPARG	IL6
PPARG	FABP5
PPARG	STAT6
PPARG	HIF1A
PPARG	FOXO1
PPARG	NR1H3
PPARG	ESRRA
PPARG	KLF5
PPARG	SMARCE1
PPARG	CDK5
PPARG	NCOA6
PPARG	SMAD3
PPARG	CTNNB1
HMGCR	CYP2C8
HMGCR	IGF1R
HMGCR	HK1
HMGCR	FOXO1
HMGCR	BCL2
HMGCR	TERT
HMGCR	H6PD
HMGCR	PPARD
HMGCR	SLCO2B1
HMGCR	MMP9
HMGCR	CYP2D6
HMGCR	HSD3B7
HMGCR	ESR1
HMGCR	NCOA6
HMGCR	CYP2C19
HMGCR	HIF1A
HMGCR	ABCG2
HMGCR	FADS1
HMGCR	ABCB1
HMGCR	MTHFR
HMGCR	CHD9
HMGCR	PTGS2
HMGCR	PNLIP
HMGCR	CYP19A1
HMGCR	PDSS2
HMGCR	CDK5
HMGCR	CYP1A1
HMGCR	IL6
HMGCR	PSRC1
HMGCR	NR1H3
HMGCR	GSK3B
HMGCR	HSD11B1
HMGCR	BACE1
HMGCR	AKT1
HMGCR	NOS3
HMGCR	CYP3A4
HMGCR	FABP1
HMGCR	ALB
HMGCR	PPARA
SLCO2B1	SLC16A1
SLCO2B1	CYP1A2
SLCO2B1	CYP2C19
SLCO2B1	ESR1
SLCO2B1	CYP2D6
SLCO2B1	CYP2C8
SLCO2B1	UGT1A1
SLCO2B1	SLC15A2
SLCO2B1	ABCC1
SLCO2B1	CYP3A4
SLCO2B1	ABCB1
SLCO2B1	ABCG2
FCER1G	TLR1
FCER1G	MMP9
FCER1G	PTK2
FCER1G	INPP5D
FCER1G	RGS18
FCER1G	IL6
FCER1G	ALOX5
FCER1G	MS4A6A
FCER1G	SRC
FCER1G	MS4A1
FCER1G	BTK
FCER1G	PIK3R1
FCER1G	PLCG2
FCER1G	CD247
FCER1G	SYK
FCER1G	GP6
WNT9B	HNF4A
WNT9B	WNT7B
WNT9B	CTNNB1
CBR1	CDK1
CBR1	ALDH1A1
CBR1	PCP4
CBR1	ESR1
CBR1	H6PD
CBR1	HSD11B1
CBR1	GLO1
CBR1	PTGS2
CBR1	UGT1A1
CBR1	CYP2D6
CBR1	CYP1A1
CBR1	CYP3A4
CBR1	AKR1B10
CBR1	DHFR2
ALDH16A1	ABCG2
ALDH16A1	TLR1
ALOX15	STAT6
ALOX15	HPGD
ALOX15	CISD1
ALOX15	IL6
ALOX15	ALDH1A1
ALOX15	IL13
ALOX15	PLA2G1B
ALOX15	CYP3A4
ALOX15	CYP2C8
ALOX15	ALOX5
ALOX15	CYP1A2
ALOX15	CYP2C19
ALOX15	PTGS1
ALOX15	PTGS2
LHX8	LDB2
LHX8	MSX1
ARHGAP15	ITK
ARHGAP15	MS4A1
INHBB	DMPK
INHBB	ACVRL1
INHBB	CYP19A1
INHBB	SMAD3
INHBB	SMAD4
IWS1	QSER1
IWS1	CDK9
DCST1	ZBTB7B
DCST1	DCST2
CXCR1	IL1R1
CXCR1	AKT1
CXCR1	IL6R
CXCR1	ELANE
CXCR1	IL13
CXCR1	CCR4
CXCR1	SELE
CXCR1	MMP9
CXCR1	GRK5
CXCR1	SRC
CXCR1	F2
CXCR1	JAK3
CXCR1	JAK2
CXCR1	GRK6
CXCR1	IL6
FABP1	KNG1
FABP1	PPARD
FABP1	CYP3A4
FABP1	PTGS2
FABP1	SERPINC1
FABP1	SERPINA1
FABP1	PLG
FABP1	NCOA6
FABP1	XDH
FABP1	CHD9
FABP1	F2
FABP1	SRC
FABP1	FABP5
FABP1	FGA
FABP1	CYP1A1
FABP1	FADS1
FABP1	APOC1
FABP1	FGG
FABP1	FGB
FABP1	HNF4A
FABP1	ALB
FABP1	PPARA
ALB	SOST
ALB	MAOA
ALB	JAK1
ALB	AVPR2
ALB	GATA3
ALB	SPHK1
ALB	SUCO
ALB	ESRRA
ALB	IDH1
ALB	MT-CYB
ALB	PPARD
ALB	PLK1
ALB	MAOB
ALB	SYN3
ALB	GRIN2B
ALB	PKM
ALB	WWOX
ALB	IL33
ALB	LEPR
ALB	ALDH1A1
ALB	MCL1
ALB	CYP19A1
ALB	CYP2C8
ALB	BACE1
ALB	APOC1
ALB	HSP90B1
ALB	SYK
ALB	PTK2
ALB	ANGPT1
ALB	PRKCA
ALB	TERT
ALB	CD5
ALB	CYP2C19
ALB	FASLG
ALB	PAX7
ALB	GBA
ALB	ADAMTS13
ALB	NLRP3
ALB	MMP1
ALB	PPIA
ALB	MAP1A
ALB	SYNE1
ALB	TYRP1
ALB	BRAF
ALB	TEK
ALB	IGF1R
ALB	CDK1
ALB	TLR3
ALB	SMAD4
ALB	TUBB3
ALB	THPO
ALB	CYP2D6
ALB	FOXO1
ALB	F11
ALB	HPR
ALB	LMNA
ALB	MET
ALB	PNLIP
ALB	JAK2
ALB	MAP1LC3A
ALB	AR
ALB	MMP3
ALB	MAPT
ALB	H6PD
ALB	CA7
ALB	CA5B
ALB	PTPN1
ALB	CYP1A1
ALB	UGT1A1
ALB	HNRNPA1
ALB	ABCB1
ALB	CA5A
ALB	ADCY10
ALB	F8
ALB	IL6R
ALB	CCN2
ALB	ACHE
ALB	SELE
ALB	CA6
ALB	CA14
ALB	C4BPA
ALB	SNCA
ALB	HBB
ALB	SMAD3
ALB	XDH
ALB	CREB1
ALB	F7
ALB	IL13
ALB	PTGS1
ALB	CYP1A2
ALB	NOS3
ALB	CPS1
ALB	PARP1
ALB	SLC2A1
ALB	HIF1A
ALB	F13B
ALB	F10
ALB	ELANE
ALB	LAMP1
ALB	SRC
ALB	CA1
ALB	CA9
ALB	HNF4A
ALB	GSK3B
ALB	THBD
ALB	CLEC4M
ALB	ESR2
ALB	ALK
ALB	CTNNB1
ALB	RBFOX3
ALB	FOXA2
ALB	HSPA4
ALB	CYP3A4
ALB	MMP9
ALB	F5
ALB	BCL2
ALB	PPARA
ALB	MYC
ALB	STAB2
ALB	PTGS2
ALB	DPP4
ALB	AKT1
ALB	ESR1
ALB	ABCG2
ALB	FGB
ALB	SERPINA6
ALB	IL6
ALB	SERPINC1
ALB	FGG
ALB	KNG1
ALB	PLG
ALB	FGA
ALB	F2
ALB	SHBG
ALB	SERPINA1
CCNL1	CDK9
ADAD1	SH2B3
ADAD1	TAGAP
GUCY1A1	NME7
GUCY1A1	PDE3A
GUCY1A1	PKM
GUCY1A1	ENPP1
GUCY1A1	PRKG1
GUCY1A1	GUCY1B1
HPGD	ALDH1A1
HPGD	MYC
HPGD	ALOX5
HPGD	CYP19A1
HPGD	CYP1A1
HPGD	PTGS1
HPGD	PTGER4
HPGD	PTGS2
HPGD	HSD11B1
HPGD	HSD11B2
F2RL1	NPSR1
F2RL1	MMP1
F2RL1	GRK5
F2RL1	BTK
F2RL1	KNG1
F2RL1	PLG
F2RL1	F2
F2RL1	SPHK1
TLR3	BCL2
TLR3	PPARA
TLR3	AXL
TLR3	TNFAIP3
TLR3	P2RY12
TLR3	MMP9
TLR3	BTK
TLR3	SELE
TLR3	STAT6
TLR3	JAK2
TLR3	PTGS2
TLR3	PLG
TLR3	TSLP
TLR3	ADGRL2
TLR3	FASLG
TLR3	IL33
TLR3	JAK1
TLR3	AKT1
TLR3	THBD
TLR3	PIK3R1
TLR3	IL13
TLR3	SYK
TLR3	TLR1
TLR3	HSP90B1
TLR3	NOD2
TLR3	HSPA4
TLR3	SRC
TLR3	NLRP3
TLR3	IL1R1
TLR3	IL6
TLR3	GSK3B
TLR3	TRAF3
RAPGEF6	MAGI1
STEAP1	SLC25A37
STEAP1	SLC39A8
FABP5	AKT1
FABP5	ESRRA
FABP5	PPARA
FABP5	PPARD
ADCY1	ADCY10
ADCY1	AVPR2
ADCY1	PKM
ADCY1	ENPP1
ADCY1	NME7
ADCY1	CREB1
ADCY1	AKT1
ADCY1	CAMK2B
ADCY1	PDE3A
ADCY1	PDE4D
ADCY1	PDE4B
ADCY1	PRKCA
NOS3	CREB1
NOS3	DPP4
NOS3	HSPA4
NOS3	DHFR2
NOS3	PTGS1
NOS3	PLG
NOS3	GUCY1B1
NOS3	GSK3B
NOS3	PPARA
NOS3	ANGPT1
NOS3	THBD
NOS3	CTNNB1
NOS3	BCL2
NOS3	PPARD
NOS3	SRC
NOS3	HIF1A
NOS3	PTGS2
NOS3	MTHFR
NOS3	SELE
NOS3	FOXO1
NOS3	TEK
NOS3	ESR2
NOS3	IL6
NOS3	MMP9
NOS3	ESR1
NOS3	PRKG1
NOS3	XDH
NOS3	HSP90B1
NOS3	KNG1
NOS3	CAMK2B
NOS3	PLCG2
NOS3	AKT1
HSD3B7	NPSR1
HSD3B7	CYP19A1
HSD3B7	CYP3A4
HSD3B7	RPS26
ALDH1A1	RDH13
ALDH1A1	PTGS2
ALDH1A1	MMP9
ALDH1A1	SRC
ALDH1A1	H6PD
ALDH1A1	IL6
ALDH1A1	CYP1B1
ALDH1A1	AKR1B10
ALDH1A1	MAOA
ALDH1A1	HIF1A
ALDH1A1	ABCC1
ALDH1A1	BCL2
ALDH1A1	MAOB
ALDH1A1	FGA
ALDH1A1	MET
ALDH1A1	ABCB5
ALDH1A1	LRAT
ALDH1A1	ESR1
ALDH1A1	AKT1
ALDH1A1	MYC
ALDH1A1	ABCB1
ALDH1A1	HNF4A
ALDH1A1	UGT1A1
ALDH1A1	ABCG2
ALDH1A1	CTNNB1
ALDH1A1	IDH1
ALDH1A1	CYP2C8
ALDH1A1	CYP1A2
ALDH1A1	CYP3A4
ALDH1A1	CYP1A1
ALDH1A1	ADH4
HSP90B1	SERPINA1
HSP90B1	PARP1
HSP90B1	SRC
HSP90B1	HDAC6
HSP90B1	GSK3B
HSP90B1	CTNNB1
HSP90B1	IL6
HSP90B1	MYC
HSP90B1	TUBB4B
HSP90B1	BACE1
HSP90B1	ESR1
HSP90B1	BRAF
HSP90B1	HDLBP
HSP90B1	HIF1A
HSP90B1	BCL2
HSP90B1	PKM
HSP90B1	SNCA
HSP90B1	UGT1A1
HSP90B1	PPIA
HSP90B1	AR
HSP90B1	AKT1
HSP90B1	HSPA4
MMP3	IL1R1
MMP3	ESR1
MMP3	CDK1
MMP3	GDF5
MMP3	HBB
MMP3	ELANE
MMP3	SMAD3
MMP3	PTPRS
MMP3	BCL2
MMP3	IL13
MMP3	SELE
MMP3	THBS2
MMP3	IL6R
MMP3	COL15A1
MMP3	HIF1A
MMP3	CTNNB1
MMP3	AKT1
MMP3	MYC
MMP3	STAT6
MMP3	PTGS2
MMP3	ETS1
MMP3	MMP12
MMP3	PRKCA
MMP3	CCN2
MMP3	ADAMTS4
MMP3	IL6
MMP3	PLG
MMP3	MMP9
MMP3	MMP1
PLK1	PSMB5
PLK1	MAP3K2
PLK1	ESR1
PLK1	MCL1
PLK1	PSRC1
PLK1	TUBB3
PLK1	BCL2
PLK1	HSPA4
PLK1	SEPTIN2
PLK1	FOXO1
PLK1	HDAC6
PLK1	NUP160
PLK1	PARP1
PLK1	BLM
PLK1	ANAPC1
PLK1	CTNNB1
PLK1	CEP57
PLK1	MYC
PLK1	TUBB4B
PLK1	TUBB
PLK1	TUBA1A
PLK1	CKAP5
PLK1	NEK2
PLK1	AURKB
PLK1	INCENP
PLK1	CDK1
STAT6	ALK
STAT6	IL2RA
STAT6	TNFAIP3
STAT6	TNFRSF14
STAT6	PTPN1
STAT6	FLG
STAT6	ANO1
STAT6	IL7R
STAT6	IL1R1
STAT6	CTNNB1
STAT6	PPARD
STAT6	SYK
STAT6	PARP1
STAT6	LEPR
STAT6	SMAD3
STAT6	ITK
STAT6	PIM1
STAT6	SRC
STAT6	ETS1
STAT6	PIK3R1
STAT6	PPARA
STAT6	MMP1
STAT6	NFATC2
STAT6	IL33
STAT6	TSLP
STAT6	BTK
STAT6	CREB1
STAT6	FASLG
STAT6	MCL1
STAT6	FOXO1
STAT6	RORC
STAT6	IL6R
STAT6	PTGS2
STAT6	MMP9
STAT6	MYC
STAT6	HIF1A
STAT6	BCL2
STAT6	AKT1
STAT6	BCL6
STAT6	IL6
STAT6	IL13
STAT6	GATA3
STAT6	JAK3
STAT6	JAK2
STAT6	JAK1
MAP1A	GSK3B
MAP1A	PARP1
MAP1A	SNCA
MAP1A	MAPT
MAP1A	AMBRA1
MAP1A	AKT1
MAP1A	BCL2
MAP1A	LAMP1
MAP1A	MAP1LC3A
NOD2	PRKCA
NOD2	PTGS2
NOD2	AKT1
NOD2	IL33
NOD2	SULT1A2
NOD2	TAGAP
NOD2	JAK2
NOD2	TRAF3
NOD2	SNX20
NOD2	IL13
NOD2	SLC15A2
NOD2	FUT2
NOD2	SYK
NOD2	SH2B3
NOD2	IL1R1
NOD2	NLRP3
NOD2	IL6
NOD2	TLR1
NOD2	TNFAIP3
CA4	CA5A
CA4	SNCA
CA4	ABCG2
CA4	ESR2
CA4	MAPT
CA4	CA1
CA4	RBFOX3
CA4	CA6
CA4	CA14
CA4	CA9
PIEZO1	FBH1
AXL	MMP9
AXL	PRKCA
AXL	BCL2
AXL	IL6R
AXL	STAB2
AXL	MYC
AXL	HIF1A
AXL	CCN2
AXL	MITF
AXL	CTNNB1
AXL	SYK
AXL	IL6
AXL	AKT1
AXL	P2RY12
AXL	MET
AXL	PIK3R1
AXL	JAK1
AXL	JAK2
AXL	PLCG2
AXL	SRC
AXL	PROS1
DIP2B	CLEC16A
SOST	ENPP1
SOST	AKT1
SOST	WNT7B
SOST	HNF4A
SOST	TNFRSF11A
SOST	IL6
SOST	GSK3B
SOST	GDF5
SOST	ESR1
SOST	LRP4
SOST	CTNNB1
PNOC	NPSR1
PNOC	MS4A1
PNOC	SRC
PNOC	KNG1
ALKBH3	TDG
ALKBH3	IKZF1
ALKBH3	ARID4A
ALKBH3	HDAC8
ALKBH3	ALKBH2
ALKBH3	ALKBH5
ALKBH3	FTO
MTNR1A	TPH2
MTNR1A	ESR1
MTNR1A	SRC
PTGER4	BCL2
PTGER4	RGS18
PTGER4	IL6R
PTGER4	MMP9
PTGER4	CTNNB1
PTGER4	ALOX5
PTGER4	ORMDL3
PTGER4	AKT1
PTGER4	CREB1
PTGER4	IL6
PTGER4	PTGS1
PTGER4	SRC
PTGER4	PTGS2
HSPA4	HEXIM1
HSPA4	ACHE
HSPA4	TUBB2A
HSPA4	IGF1R
HSPA4	MAP1LC3A
HSPA4	TUBB4B
HSPA4	HNF4A
HSPA4	TUBA3E
HSPA4	TUBB3
HSPA4	MT-CYB
HSPA4	TUBA1B
HSPA4	TUBA1A
HSPA4	C4BPA
HSPA4	ZFPM2
HSPA4	TEK
HSPA4	RPS26
HSPA4	GBA
HSPA4	CLYBL
HSPA4	TUBA1C
HSPA4	FASLG
HSPA4	PIK3R1
HSPA4	EIF2S2
HSPA4	DHFR2
HSPA4	MMP9
HSPA4	NUP160
HSPA4	AURKB
HSPA4	TYRP1
HSPA4	H6PD
HSPA4	TERT
HSPA4	TUBB
HSPA4	MET
HSPA4	HNRNPA1
HSPA4	CPS1
HSPA4	SERPINA1
HSPA4	PARP1
HSPA4	PLG
HSPA4	PTGS2
HSPA4	LAMP1
HSPA4	ELAVL1
HSPA4	PPIA
HSPA4	ESR2
HSPA4	CTNNB1
HSPA4	BRAF
HSPA4	CREB1
HSPA4	SMAD3
HSPA4	MCL1
HSPA4	CDK9
HSPA4	GDF5
HSPA4	CDK1
HSPA4	GSK3B
HSPA4	UBQLN4
HSPA4	IL6
HSPA4	HDAC8
HSPA4	MYC
HSPA4	HDAC6
HSPA4	SRC
HSPA4	BCL2
HSPA4	AR
HSPA4	ESR1
HSPA4	HIF1A
HSPA4	MAPT
HSPA4	AKT1
HSPA4	SNCA
ACHE	CYP3A4
ACHE	CYP2D6
ACHE	ELAVL1
ACHE	CHRM2
ACHE	CDK5
ACHE	BCL2
ACHE	LRP4
ACHE	AKT1
ACHE	PTGS2
ACHE	CREB1
ACHE	GSK3B
ACHE	SNCA
ACHE	CA1
ACHE	IL6
ACHE	XDH
ACHE	MAOA
ACHE	MAPT
ACHE	BACE1
ACHE	MAOB
LMAN2	F8
LMAN2	F5
LMAN2	SEC23IP
LMAN2	SERPINA1
UGT1A1	ESR1
UGT1A1	H6PD
UGT1A1	HNF4A
UGT1A1	SULT1A2
UGT1A1	PPARA
UGT1A1	MTHFR
UGT1A1	ABCC1
UGT1A1	VKORC1
UGT1A1	ABCB1
UGT1A1	ABCG2
UGT1A1	HSD11B1
UGT1A1	ADH4
UGT1A1	CYP2C19
UGT1A1	CYP2C8
UGT1A1	CYP19A1
UGT1A1	CYP1A2
UGT1A1	CYP1B1
UGT1A1	CYP2D6
UGT1A1	CYP1A1
UGT1A1	CYP3A4
IL13	SRC
IL13	CD247
IL13	CTNNB1
IL13	MMP1
IL13	LAMP1
IL13	SYK
IL13	CD5
IL13	SMAD3
IL13	ELANE
IL13	CCN2
IL13	BCL2
IL13	BCL6
IL13	SELE
IL13	NLRP3
IL13	TLR1
IL13	ORMDL3
IL13	NFATC2
IL13	PTGS2
IL13	AKT1
IL13	FASLG
IL13	RORC
IL13	ALOX5
IL13	FLG
IL13	JAK3
IL13	MMP12
IL13	LIFR
IL13	HIF1A
IL13	LEPR
IL13	MMP9
IL13	IL1R1
IL13	MAOA
IL13	IL31
IL13	JAK2
IL13	JAK1
IL13	IL7R
IL13	GATA3
IL13	TSLP
IL13	IL2RA
IL13	IL6R
IL13	IL33
IL13	IL6
CHST11	SOX5
CHST11	SOX6
CHST11	CSGALNACT1
BRD3	FOXO1
BRD3	MMP9
BRD3	BCL6
BRD3	SMAD4
BRD3	KDM1A
BRD3	KMT2A
BRD3	SMARCE1
BRD3	HEXIM1
BRD3	BRAF
BRD3	BCL2
BRD3	CDK9
BRD3	AR
BRD3	MYC
BRD3	NSD2
FGB	MT-CYB
FGB	PTPN1
FGB	SERPINA6
FGB	APOC1
FGB	SRC
FGB	F7
FGB	C4BPA
FGB	F11
FGB	SYK
FGB	TLR1
FGB	BRAF
FGB	PTK2
FGB	THBD
FGB	MTHFR
FGB	PROS1
FGB	F10
FGB	F5
FGB	HLA-DRB5
FGB	SERPINA1
FGB	KNG1
FGB	F13B
FGB	PLG
FGB	SERPINC1
FGB	FGA
FGB	FGG
FGB	F2
IL7R	BTK
IL7R	SH2B3
IL7R	CCR4
IL7R	TNFAIP3
IL7R	AKT1
IL7R	CLEC16A
IL7R	IKZF2
IL7R	ZBTB16
IL7R	FASLG
IL7R	ETS1
IL7R	PTGS2
IL7R	MS4A1
IL7R	SOX18
IL7R	RUNX3
IL7R	LAMP1
IL7R	CD6
IL7R	BCL6
IL7R	RORC
IL7R	IL33
IL7R	MYC
IL7R	IL6R
IL7R	FOXO1
IL7R	CD247
IL7R	IL1R1
IL7R	TCF7
IL7R	GATA3
IL7R	PIK3R1
IL7R	CD5
IL7R	BCL2
IL7R	THPO
IL7R	ITK
IL7R	IKZF1
IL7R	JAK2
IL7R	IL2RA
IL7R	IL6
IL7R	JAK3
IL7R	JAK1
IL7R	TSLP
LDB2	FOXO1
LDB2	TEK
LDB2	NFE2
LDB2	HBB
LDB2	ETS1
LDB2	CDK9
LDB2	GATA3
LDB2	ZFPM1
GLB1	A4GALT
GLB1	HK1
GLB1	AKR1B10
GLB1	GBA
P2RY12	SYK
P2RY12	CYP1A2
P2RY12	AKT1
P2RY12	HTR2A
P2RY12	RBFOX3
P2RY12	PLCG2
P2RY12	PROS1
P2RY12	F10
P2RY12	PRKG1
P2RY12	IL6
P2RY12	TBXA2R
P2RY12	CYP2D6
P2RY12	F2
P2RY12	CYP3A4
P2RY12	CYP2C8
P2RY12	SRC
P2RY12	PTGS1
P2RY12	ABCB1
P2RY12	GP6
P2RY12	CYP2C19
MLLT10	CTNNB1
MLLT10	KMT2A
ARNT2	CDK5
ARNT2	RBFOX3
ARNT2	CYP1A1
ARNT2	SIM1
ARNT2	HIF1A
WDR48	WDR78
WDR48	CD247
WDR48	TC2N
WDR48	POLE4
WDR48	AR
PPP1R3B	GALNT2
PPP1R3B	LRRC43
PPP1R3B	RPS6KA1
PPP1R3B	RPS6KA3
PPP1R3B	RPS6KA2
PPP1R3B	LYPLAL1
LEMD3	PRKCA
LEMD3	NUP160
LEMD3	CTNNB1
LEMD3	SMAD4
LEMD3	SYNE1
LEMD3	LMNA
LEMD3	SMAD3
F2	PROS1
F2	CYP1A2
F2	HGFAC
F2	SERPINA6
F2	CPS1
F2	THPO
F2	SELE
F2	APOC1
F2	GRK5
F2	NPSR1
F2	CYP3A4
F2	BTK
F2	GP6
F2	JAK2
F2	GRM8
F2	AVPR2
F2	ADAMTS13
F2	IL6
F2	F11
F2	SERPINA1
F2	PLG
F2	VKORC1
F2	ELANE
F2	KNG1
F2	F7
F2	MTHFR
F2	F13B
F2	SERPINE2
F2	F8
F2	FGA
F2	F5
F2	SERPINC1
F2	FGG
F2	F10
F2	THBD
GP6	ADAMTS13
GP6	YES1
GP6	AKT1
GP6	TSPAN15
GP6	F10
GP6	F11
GP6	PTGS1
GP6	TBXA2R
GP6	PIK3R1
GP6	SRC
GP6	BTK
GP6	SYK
GP6	PLCG2
PLG	HGFAC
PLG	F7
PLG	CLYBL
PLG	PTGS2
PLG	TEK
PLG	F5
PLG	F11
PLG	SMAD4
PLG	JAK2
PLG	SRC
PLG	HIF1A
PLG	APOC1
PLG	MET
PLG	SMAD3
PLG	ELANE
PLG	CCN2
PLG	SELE
PLG	MTHFR
PLG	ANGPT1
PLG	BCL2
PLG	AKT1
PLG	ADAMTS13
PLG	PROS1
PLG	F8
PLG	F13B
PLG	IL6
PLG	MMP1
PLG	MMP12
PLG	F10
PLG	SERPINE2
PLG	THBS2
PLG	SERPINA1
PLG	MMP9
PLG	FGG
PLG	THBD
PLG	KNG1
PLG	DPP4
PLG	FGA
PLG	SERPINC1
LRRC7	CPNE8
LRRC7	SRC
LRRC7	ADGRL2
LRRC7	DLGAP1
LRRC7	SHANK3
LRRC7	GRIN2B
LRRC7	CAMK2B
TERT	SIRT6
TERT	ANAPC1
TERT	THPO
TERT	MMP9
TERT	SRC
TERT	PIK3R1
TERT	TNKS2
TERT	MTHFR
TERT	AR
TERT	RBFOX3
TERT	GSK3B
TERT	SMAD4
TERT	MITF
TERT	PRKCA
TERT	SMARCE1
TERT	RAD51B
TERT	TNKS
TERT	IL6
TERT	SMN1
TERT	CDK1
TERT	FOXO1
TERT	HNRNPA1
TERT	MET
TERT	PARP1
TERT	BLM
TERT	KMT2A
TERT	ESR1
TERT	BCL2
TERT	ALK
TERT	JAK2
TERT	HNF4A
TERT	HIF1A
TERT	IDH1
TERT	BRAF
TERT	AKT1
TERT	TCF7
TERT	RTEL1
TERT	MYC
TERT	CTNNB1
ZNF408	ARHGAP1
XXYLT1	REEP3
ARHGAP1	CPNE8
ARHGAP1	ARL13B
ARHGAP1	INPP5D
ARHGAP1	AKT1
ARHGAP1	PKN1
ARHGAP1	PIK3R1
ARHGAP1	SRC
ARHGAP1	ROBO1
PPARD	BACE1
PPARD	THBD
PPARD	NFATC2
PPARD	ZNF423
PPARD	GSK3B
PPARD	FOXO1
PPARD	HIF1A
PPARD	CTNNB1
PPARD	ESRRA
PPARD	PKM
PPARD	PRKCA
PPARD	NR1H3
PPARD	IL6
PPARD	SMAD3
PPARD	MMP9
PPARD	CREB1
PPARD	BCL6
PPARD	AKT1
PPARD	MYC
PPARD	PTGS2
PPARD	GRIN2B
PPARD	KLF5
PPARD	PPARA
MADD	FUT2
MADD	SH3GL2
TNKS	NEK2
TNKS	MYC
TNKS	PSMB5
TNKS	RTEL1
TNKS	PSMC3
TNKS	TNKS2
TNKS	GSK3B
TNKS	PARP10
TNKS	HNF4A
TNKS	CTNNB1
TNKS	PARP1
TNKS	MCL1
PLA2G1B	SELE
PLA2G1B	ATP1B1
PLA2G1B	CYP2C8
PLA2G1B	CYP2C19
PLA2G1B	CYP3A4
PLA2G1B	CYP1A2
PLA2G1B	PTGS2
PLA2G1B	ALOX5
PLA2G1B	PTGS1
PLA2G1B	PNLIP
HNF4A	ABCG2
HNF4A	ABCB1
HNF4A	CYP2D6
HNF4A	IGF1R
HNF4A	F7
HNF4A	SERPINA6
HNF4A	MITF
HNF4A	FUT2
HNF4A	MET
HNF4A	MMP9
HNF4A	IL6
HNF4A	KNG1
HNF4A	BCL2
HNF4A	ESRRA
HNF4A	WNT7B
HNF4A	SIRT6
HNF4A	CYP1A1
HNF4A	SERPINA1
HNF4A	ESR1
HNF4A	CYP3A4
HNF4A	AR
HNF4A	NCOA6
HNF4A	PKM
HNF4A	AKT1
HNF4A	CREB1
HNF4A	CYP1A2
HNF4A	TNKS2
HNF4A	SRC
HNF4A	TCF7
HNF4A	RUNX3
HNF4A	HIF1A
HNF4A	FOXA2
HNF4A	GSK3B
HNF4A	MYC
HNF4A	SMAD3
HNF4A	FOXO1
HNF4A	SMAD4
HNF4A	CTNNB1
ZNF366	ESR1
SPHK1	H6PD
SPHK1	TRAF3
SPHK1	CTNNB1
SPHK1	BCL2
SPHK1	HIF1A
SPHK1	SRC
SPHK1	TRAF1
SPHK1	ABCC1
SPHK1	PTGS2
SPHK1	IL6
SPHK1	AKT1
SPHK1	PRKCA
AURKB	BCL2
AURKB	PKM
AURKB	TUBA1C
AURKB	LMNA
AURKB	TUBB
AURKB	SRC
AURKB	HDAC6
AURKB	CTNNB1
AURKB	PARP1
AURKB	NUP160
AURKB	ANAPC1
AURKB	CKAP5
AURKB	MYC
AURKB	NEK2
AURKB	CDK1
AURKB	INCENP
HIC1	RUNX3
HIC1	DAPK1
HIC1	CTNNB1
CA5B	CA6
CA5B	CA5A
GRINA	NME7
GRINA	PLEC
GRINA	PARP10
GBA	ABCC1
GBA	ABCG2
GBA	NR4A2
GBA	CYP2D6
GBA	LAMP1
GBA	MSMB
GBA	MAPT
GBA	SNCA
CLEC4M	LAMP1
CLEC4M	SYK
CLEC4M	IL2RA
CLEC4M	SCARA5
CLEC4M	STXBP5
CLEC4M	TC2N
CLEC4M	DPP4
CLEC4M	STAB2
DLGAP1	PHACTR1
DLGAP1	CAMK2B
DLGAP1	LRP1B
DLGAP1	CSMD1
DLGAP1	GRIK2
DLGAP1	SRC
DLGAP1	GRIN2B
DLGAP1	SHANK3
HSD11B2	CYP19A1
HSD11B2	SERPINA6
HSD11B2	H6PD
HSD11B2	HSD11B1
MET	AKT1
MET	SPSB1
MET	ABCB1
MET	LIFR
MET	PTGS2
MET	PKM
MET	SMAD3
MET	CA9
MET	MITF
MET	DPP4
MET	MCL1
MET	SMAD4
MET	ABCG2
MET	WWOX
MET	IQSEC1
MET	PAX7
MET	CYP1A2
MET	SYK
MET	AR
MET	GSK3B
MET	SH3GL2
MET	RAB4B
MET	BCL2
MET	IGF1R
MET	HIF1A
MET	MYC
MET	ESR1
MET	PARP1
MET	EFNA5
MET	MMP9
MET	ANGPT1
MET	IL6
MET	HGFAC
MET	PIK3R1
MET	PLCG2
MET	JAK1
MET	JAK2
MET	PTK2
MET	PTPRJ
MET	PTPN1
MET	CTNNB1
MET	SRC
CEP57	SEPTIN2
CEP57	TUBB
CEP57	TUBB6
FUT7	ITK
FUT7	GATA3
FUT7	FUT2
FUT7	SNX20
FUT7	SELE
TUBA3E	TUBA1C
TUBA3E	TUBA1B
TUBA3E	TUBA1A
TUBA3E	TUBA3C
TUBA3E	CKAP5
TUBA3E	HDAC6
TUBA3E	MAPT
TUBA3E	TUBB3
TUBA3E	TUBB4B
TUBA3E	TUBB8
TUBA3E	TUBB6
TUBA3E	TUBB2A
TUBA3E	TUBB
BACE1	GRIN2B
BACE1	LAMP1
BACE1	RBFOX3
BACE1	PPIA
BACE1	MMP1
BACE1	PTGS2
BACE1	MAOA
BACE1	IL6
BACE1	CTNNB1
BACE1	AKT1
BACE1	MAOB
BACE1	CREB1
BACE1	SYN3
BACE1	SNCA
BACE1	NAV1
BACE1	BCL2
BACE1	GSK3B
BACE1	MAPT
BACE1	CDK5
TUBB6	TUBB8
TUBB6	LMNA
TUBB6	TUBB4B
TUBB6	CKAP5
TUBB6	TUBB3
TUBB6	TUBB2A
TUBB6	TUBA3C
TUBB6	MAPT
TUBB6	TUBA1C
TUBB6	TUBA1A
TUBB6	TUBA1B
NSUN3	NPSR1
NSUN3	CDK9
NSUN3	NSUN6
DHFR2	MYC
DHFR2	SERPINA6
DHFR2	ABCB1
DHFR2	PTGS2
DHFR2	H6PD
DHFR2	MT-CYB
DHFR2	MTHFR
DHFR2	TPH2
DHFR2	AKR1B10
PKM	GGNBP2
PKM	PSMC3
PKM	IL6
PKM	DAPK1
PKM	WWOX
PKM	GNPDA1
PKM	SIRT6
PKM	TUBB
PKM	TUBA1B
PKM	SRC
PKM	PTPN1
PKM	GSK3B
PKM	SLC16A1
PKM	PTGS2
PKM	HDAC6
PKM	TUBB2A
PKM	SMAD4
PKM	PPIA
PKM	NPSR1
PKM	JAK2
PKM	BCL2
PKM	AKT1
PKM	IDH1
PKM	HK1
PKM	MYC
PKM	SLC2A1
PKM	HNRNPA1
PKM	ADCY10
PKM	ENPP1
PKM	GUCY1B1
PKM	NME7
PKM	AK5
PKM	H6PD
PKM	PC
PKM	CTNNB1
PKM	HIF1A
TUBB3	FOXA2
TUBB3	AKT1
TUBB3	MYC
TUBB3	ELAVL3
TUBB3	TUBB8
TUBB3	NEK2
TUBB3	DCC
TUBB3	ROBO1
TUBB3	HIF1A
TUBB3	IDH1
TUBB3	SYN3
TUBB3	AMBRA1
TUBB3	CKAP5
TUBB3	ABCB1
TUBB3	TUBB4B
TUBB3	RBFOX3
TUBB3	TUBA3C
TUBB3	TUBB2A
TUBB3	MAPT
TUBB3	TUBA1C
TUBB3	TUBA1A
TUBB3	TUBA1B
NAP1L5	L3MBTL1
STX19	SULT1A2
STX19	STX2
STX19	STX10
STX19	STXBP5
STXBP5	RIMS2
STXBP5	SCARA5
STXBP5	STAB2
STXBP5	STX10
STXBP5	TC2N
STXBP5	SYN3
STXBP5	STX2
FADS1	NCOA6
FADS1	CHD9
FADS1	ALOX5
FADS1	PPARA
MMP1	SRC
MMP1	ESR1
MMP1	MTHFR
MMP1	SMAD3
MMP1	MYC
MMP1	BCL2
MMP1	SELE
MMP1	CTNNB1
MMP1	ETS1
MMP1	DPP4
MMP1	TNFAIP8
MMP1	CCN2
MMP1	AKT1
MMP1	THBS2
MMP1	MMP12
MMP1	KNG1
MMP1	ELANE
MMP1	HIF1A
MMP1	ADAMTS4
MMP1	PTGS2
MMP1	IL6
MMP1	MMP9
CD6	TCF7
CD6	PTPRJ
CD6	MS4A1
CD6	IL2RA
CD6	HLA-DRB5
CD6	DPP4
CD6	INPP5D
CD6	CLEC16A
CD6	ITK
CD6	CD247
CD6	CD5
PLEC	ETS1
PLEC	CDK9
PLEC	PDE3A
PLEC	SRC
PLEC	CTNNB1
PLEC	LMNA
PLEC	SYNE1
PLEC	PARP10
SMARCE1	SUFU
SMARCE1	MYC
SMARCE1	SKIDA1
SMARCE1	HIF1A
SMARCE1	ZMIZ1
SMARCE1	AR
SMARCE1	ESR1
TRAPPC12	EIPR1
GSK3B	PDE4D
GSK3B	ABCG2
GSK3B	SLC2A1
GSK3B	MAOA
GSK3B	SFPQ
GSK3B	ABCB1
GSK3B	MAP3K2
GSK3B	MAOB
GSK3B	PSMC3
GSK3B	RBFOX3
GSK3B	CCN2
GSK3B	PSMB5
GSK3B	PARP10
GSK3B	LMNA
GSK3B	GRIN2B
GSK3B	CDK1
GSK3B	PIK3R1
GSK3B	PPARA
GSK3B	JAK2
GSK3B	WWOX
GSK3B	SHANK3
GSK3B	KDM1A
GSK3B	RPS6KA3
GSK3B	WNT7B
GSK3B	PTGS2
GSK3B	SMAD4
GSK3B	TNKS2
GSK3B	PTPN1
GSK3B	MITF
GSK3B	MMP9
GSK3B	CDK5
GSK3B	ESR1
GSK3B	PDE4B
GSK3B	PRKCA
GSK3B	PARP1
GSK3B	IGF1R
GSK3B	ESR2
GSK3B	HIF1A
GSK3B	PTK2
GSK3B	RPS6KA1
GSK3B	KLF5
GSK3B	SNCA
GSK3B	IL6
GSK3B	TCF7
GSK3B	MCL1
GSK3B	HDAC6
GSK3B	BCL2
GSK3B	TNFAIP3
GSK3B	FOXO1
GSK3B	AR
GSK3B	SRC
GSK3B	CREB3L1
GSK3B	SUFU
GSK3B	BRAF
GSK3B	NFATC2
GSK3B	SMAD3
GSK3B	CREB1
GSK3B	MYC
GSK3B	AKT1
GSK3B	MAPT
GSK3B	CTNNB1
ZFPM1	THPO
ZFPM1	SRC
ZFPM1	ZNF217
ZFPM1	ASH2L
ZFPM1	KMT2A
ZFPM1	IKZF1
ZFPM1	SOX6
ZFPM1	NFE2
ZFPM1	GATA3
RORC	PIM1
RORC	IL6R
RORC	IL33
RORC	ZBTB7B
RORC	IKZF2
RORC	IL2RA
RORC	TCF7
RORC	MYC
RORC	ETS1
RORC	ZBTB16
RORC	IL1R1
RORC	FOXO1
RORC	HIF1A
RORC	BCL6
RORC	IL6
RORC	GATA3
RORC	RUNX3
NRROS	ADGRL2
HEXIM1	MYC
HEXIM1	PARP1
HEXIM1	CDK1
HEXIM1	ESR1
HEXIM1	HNRNPA1
HEXIM1	SFPQ
HEXIM1	CDK9
EFNA5	SHANK3
EFNA5	AKT1
EFNA5	KIRREL3
EFNA5	CTNNB1
EFNA5	GRIK2
EFNA5	SRC
EFNA5	WDR36
EFNA5	TEK
EFNA5	IGF1R
EFNA5	EPHA3
EFNA5	EPHA5
TPH2	CYP1A1
TPH2	CYP1B1
TPH2	CYP1A2
TPH2	MTHFR
TPH2	CHRM2
TPH2	MAOA
TPH2	MAOB
TPH2	HTR2A
TPH2	AKR1B10
PCP4	RGS14
CPNE8	ARL13B
PHACTR1	ASTN2
PHACTR1	PSRC1
LEPR	SIM1
LEPR	FOXO1
LEPR	PDE3A
LEPR	ESR1
LEPR	IL1R1
LEPR	AKT1
LEPR	DGKZ
LEPR	PPARA
LEPR	IGF1R
LEPR	TSLP
LEPR	FTO
LEPR	JAK1
LEPR	THPO
LEPR	PTPN1
LEPR	JAK3
LEPR	IL6
LEPR	JAK2
KRTAP11-1	KRTAP3-2
SERPINB8	CSMD1
IKZF1	MS4A1
IKZF1	ZBTB16
IKZF1	IDH1
IKZF1	FOXO1
IKZF1	TAGAP
IKZF1	CD247
IKZF1	SYK
IKZF1	JAK1
IKZF1	CD5
IKZF1	KDM1A
IKZF1	BCL2
IKZF1	JAK3
IKZF1	PLCG2
IKZF1	BCL6
IKZF1	SH2B3
IKZF1	BTK
IKZF1	JAK2
IKZF1	KMT2A
IKZF1	ITK
IKZF1	IL2RA
IKZF1	TCF7
IKZF1	NFATC2
IKZF1	MYC
IKZF1	ETS1
IKZF1	GATA3
IKZF1	IKZF2
IKZF1	RUNX3
SELE	IL1R1
SELE	XDH
SELE	SRC
SELE	ELANE
SELE	KNG1
SELE	IL33
SELE	HIF1A
SELE	LAMP1
SELE	PTK2
SELE	SNX20
SELE	ANGPT1
SELE	AKT1
SELE	BCL2
SELE	TEK
SELE	PTGS2
SELE	FUT2
SELE	F5
SELE	MMP9
SELE	ATP1B1
SELE	THBD
SELE	IL6
CARMIL1	RCSD1
CARMIL1	DUSP22
CARMIL1	PLEKHO1
SNX20	TAGAP
SPPL2C	MAPT
SPPL2C	STH
CCR4	SRC
CCR4	GRK6
CCR4	GRK5
CCR4	JAK2
CCR4	JAK3
SMAD3	WNT7B
SMAD3	IL33
SMAD3	PPARA
SMAD3	TUBB
SMAD3	PRKG1
SMAD3	PAX7
SMAD3	ORMDL3
SMAD3	ALK
SMAD3	PTK2
SMAD3	ZMIZ1
SMAD3	GDF5
SMAD3	CDK5
SMAD3	JAK2
SMAD3	IGF1R
SMAD3	PTGS2
SMAD3	SERPINE2
SMAD3	JAK1
SMAD3	ACVRL1
SMAD3	ESR2
SMAD3	KLF5
SMAD3	SRC
SMAD3	BCL2
SMAD3	GSDMB
SMAD3	IL6
SMAD3	CDK9
SMAD3	MMP9
SMAD3	CCN2
SMAD3	WWOX
SMAD3	FOXA2
SMAD3	GATA3
SMAD3	HDAC8
SMAD3	ETS1
SMAD3	ESR1
SMAD3	PARP1
SMAD3	CREB1
SMAD3	NFATC2
SMAD3	AR
SMAD3	RUNX3
SMAD3	HIF1A
SMAD3	FOXO1
SMAD3	MYC
SMAD3	AKT1
SMAD3	SMAD4
SMAD3	CTNNB1
LAMP1	RBFOX3
LAMP1	SLC39A8
LAMP1	SRC
LAMP1	ARL5B
LAMP1	BCL2
LAMP1	CTNNB1
LAMP1	CD247
LAMP1	MYC
LAMP1	PVR
LAMP1	FASLG
LAMP1	SNCA
LAMP1	IL6
LAMP1	AKT1
LAMP1	TYRP1
LAMP1	MAP1LC3A
EYA2	GDF5
EYA2	SRC
EYA2	PAX7
ATP4B	PRKCA
ATP4B	ATP1B1
ZMIZ1	ETS1
ZMIZ1	RCSD1
ZMIZ1	MYC
ZMIZ1	AR
TUBA1B	TUBA3C
TUBA1B	PTP4A3
TUBA1B	RBFOX1
TUBA1B	ESR1
TUBA1B	SNCA
TUBA1B	PPIA
TUBA1B	CKAP5
TUBA1B	HDAC6
TUBA1B	TUBA1A
TUBA1B	TUBB8
TUBA1B	TUBA1C
TUBA1B	MAPT
TUBA1B	TUBB4B
TUBA1B	TUBB
TUBA1B	TUBB2A
FGG	SYNE1
FGG	PTPN1
FGG	SERPINA6
FGG	SLC44A2
FGG	SRC
FGG	MTHFR
FGG	APOC1
FGG	PLRG1
FGG	F7
FGG	TSPAN15
FGG	TLR1
FGG	BRAF
FGG	SYK
FGG	IL6
FGG	PTK2
FGG	THBD
FGG	C4BPA
FGG	F11
FGG	HPR
FGG	F10
FGG	F5
FGG	PROS1
FGG	SERPINA1
FGG	KNG1
FGG	SERPINC1
FGG	F13B
FGG	FGA
LRAT	RDH13
LRAT	ADH4
SIRT6	IL6
SIRT6	H6PD
SIRT6	KDM1A
SIRT6	PPARA
SIRT6	RECQL
SIRT6	TDG
SIRT6	NAPRT
SIRT6	POLI
SIRT6	LMNA
SIRT6	BLM
SIRT6	HDAC6
SIRT6	HDAC8
SIRT6	FOXO1
SIRT6	PARP1
SIRT6	AKT1
SIRT6	ENPP1
SIRT6	MYC
SIRT6	HIF1A
TDP1	POLI
TDP1	PARP1
NLRP3	XDH
NLRP3	JAK1
NLRP3	JAK2
NLRP3	FASLG
NLRP3	ELANE
NLRP3	GSDMB
NLRP3	TNFAIP3
NLRP3	TRAF3
NLRP3	HK1
NLRP3	MMP9
NLRP3	PTGS1
NLRP3	ADGRL2
NLRP3	BCL2
NLRP3	SRC
NLRP3	BABAM2
NLRP3	TLR1
NLRP3	AKT1
NLRP3	IL33
NLRP3	HDAC6
NLRP3	HIF1A
NLRP3	PTGS2
NLRP3	SYK
NLRP3	IL1R1
NLRP3	IL6
NLRP3	BTK
ZFP36L1	RAD51B
ZFP36L1	ELAVL1
ZFP36L1	AKT1
EPHA3	ROBO2
EPHA3	CTNNB1
EPHA3	BTK
EPHA3	PTPRK
EPHA3	ROBO1
EPHA3	LRP1B
EPHA3	EPHA5
OVOL1	FLG
ZBTB16	SNCA
ZBTB16	HDAC6
ZBTB16	ITK
ZBTB16	FOXO1
ZBTB16	ESR1
ZBTB16	CDK1
ZBTB16	HSD11B1
ZBTB16	TCF7
ZBTB16	BCL6
ZBTB16	RUNX3
ZBTB16	MYC
ZBTB16	IL6
ZBTB16	GFRA1
ZBTB16	GATA3
ZBTB16	AR
ARHGAP6	GNPDA1
TUBB	TUBB8
TUBB	PARP1
TUBB	SYK
TUBB	WWOX
TUBB	LMNA
TUBB	SEPTIN2
TUBB	JAK2
TUBB	HDAC6
TUBB	TUBA3C
TUBB	MYC
TUBB	CDK1
TUBB	CKAP5
TUBB	TUBB2A
TUBB	AKT1
TUBB	MAPT
TUBB	TUBB4B
TUBB	TUBA1C
TUBB	TUBA1A
ANAPC1	IL6
ANAPC1	PSMC3
ANAPC1	PSMB5
ANAPC1	NUP160
ANAPC1	L3MBTL1
ANAPC1	PHC1
ANAPC1	BCOR
ANAPC1	BABAM2
ANAPC1	CDK1
ANAPC1	NEK2
TRIM2	MYC
TSLP	IL1R1
TSLP	JAK3
TSLP	EMSY
TSLP	GSDMB
TSLP	ORMDL3
TSLP	AKT1
TSLP	JAK2
TSLP	JAK1
TSLP	LIFR
TSLP	GATA3
TSLP	IL6
TSLP	WDR36
TSLP	FLG
TSLP	IL31
TSLP	IL6R
TSLP	IL2RA
TSLP	IL33
TCF7	ITK
TCF7	ZBTB7B
TCF7	WNT7B
TCF7	PAX7
TCF7	TESPA1
TCF7	ETS1
TCF7	IKZF2
TCF7	CD5
TCF7	MYC
TCF7	ASH2L
TCF7	JAK3
TCF7	FOXO1
TCF7	IL2RA
TCF7	GTF3C4
TCF7	BCL6
TCF7	GATA3
TCF7	SOX5
TCF7	RUNX3
TCF7	SMAD4
TCF7	CTNNB1
MAOA	ESR1
MAOA	H6PD
MAOA	MTHFR
MAOA	AKT1
MAOA	AKR1B10
MAOA	GRIN2B
MAOA	PTGS2
MAOA	PHF21A
MAOA	IL6
MAOA	CREB1
MAOA	DPP4
MAOA	CYP1A2
MAOA	BCL2
MAOA	XDH
MAOA	SNCA
MAOA	HTR2A
MAOA	GLO1
MAOA	ADH4
MAOA	CYP2C19
MAOA	CYP3A4
MAOA	CYP2D6
MAOA	MAOB
MAPT	SMN1
MAPT	HLA-DRB5
MAPT	SYK
MAPT	BCL2
MAPT	ESR1
MAPT	CELF1
MAPT	PRKCA
MAPT	IL6
MAPT	SYN3
MAPT	CREB1
MAPT	PLCG2
MAPT	GRIN2B
MAPT	WWOX
MAPT	MAOB
MAPT	PIK3R1
MAPT	UBQLN4
MAPT	CTNNB1
MAPT	RBFOX3
MAPT	MT-ND4
MAPT	HNRNPA1
MAPT	MT-ND1
MAPT	MT-ND2
MAPT	CDK1
MAPT	SFPQ
MAPT	STH
MAPT	AKT1
MAPT	HDAC6
MAPT	SRC
MAPT	TUBB8
MAPT	CAMK2B
MAPT	TUBA1C
MAPT	TUBB4B
MAPT	TUBB2A
MAPT	TUBA1A
MAPT	SNCA
MAPT	CDK5
ASH2L	CHD9
ASH2L	ARID4A
ASH2L	EMSY
ASH2L	NSD2
ASH2L	KDM1A
ASH2L	ESR1
ASH2L	AR
ASH2L	EZH1
ASH2L	PAX7
ASH2L	CTNNB1
ASH2L	NCOA6
ASH2L	KMT2A
WNT7B	FLG
WNT7B	CTNNB1
PTK2	MCL1
PTK2	SMAD4
PTK2	EPHA5
PTK2	CCN2
PTK2	SH3GL2
PTK2	ABO
PTK2	IL6
PTK2	RPS6KA1
PTK2	ALK
PTK2	FGA
PTK2	PARP1
PTK2	TEK
PTK2	MYC
PTK2	BCL2
PTK2	ESR2
PTK2	SYK
PTK2	PLCG2
PTK2	CREB1
PTK2	TNR
PTK2	MMP9
PTK2	THBS2
PTK2	HIF1A
PTK2	CTNNB1
PTK2	ESR1
PTK2	YES1
PTK2	AKT1
PTK2	PRKCA
PTK2	ARHGEF28
PTK2	JAK2
PTK2	IGF1R
PTK2	PIK3R1
PTK2	DCC
PTK2	SRC
TUBB4B	HDAC6
TUBB4B	AKT1
TUBB4B	LMNA
TUBB4B	SEPTIN2
TUBB4B	TUBB8
TUBB4B	CKAP5
TUBB4B	TUBA3C
TUBB4B	NME7
TUBB4B	TUBB2A
TUBB4B	TUBA1C
TUBB4B	TUBA1A
SMAD4	LRP1B
SMAD4	GATA3
SMAD4	MCL1
SMAD4	JAK1
SMAD4	GDF5
SMAD4	PIK3R1
SMAD4	NEK6
SMAD4	PDSS2
SMAD4	JAK3
SMAD4	IGF1R
SMAD4	CREB3L1
SMAD4	ELAVL1
SMAD4	JAK2
SMAD4	IDH1
SMAD4	KLF5
SMAD4	CREB1
SMAD4	WWOX
SMAD4	SMN1
SMAD4	CDK9
SMAD4	CCN2
SMAD4	ETS1
SMAD4	ESR2
SMAD4	ALK
SMAD4	KDM1A
SMAD4	BCL2
SMAD4	PRKG1
SMAD4	IL6
SMAD4	HIF1A
SMAD4	MMP9
SMAD4	SRC
SMAD4	RUNX3
SMAD4	BRAF
SMAD4	ESR1
SMAD4	ZNF423
SMAD4	AR
SMAD4	FOXO1
SMAD4	PARP1
SMAD4	ACVRL1
SMAD4	AKT1
SMAD4	MYC
SMAD4	CTNNB1
SOX18	BCL6
SOX18	TEK
HNRNPA1	AKT1
HNRNPA1	ABCG2
HNRNPA1	PARP1
HNRNPA1	RBFOX3
HNRNPA1	SRC
HNRNPA1	NEK2
HNRNPA1	LMNA
HNRNPA1	CDK9
HNRNPA1	CELF1
HNRNPA1	EIF4G3
HNRNPA1	RBFOX1
HNRNPA1	PPIA
HNRNPA1	MYC
HNRNPA1	CTNNB1
HNRNPA1	SMN1
HNRNPA1	ELAVL1
HNRNPA1	SFPQ
CYP1A2	CYP4V2
CYP1A2	MTHFR
CYP1A2	HIF1A
CYP1A2	IL6
CYP1A2	CYP2D6
CYP1A2	PPARA
CYP1A2	HTR2A
CYP1A2	ESR1
CYP1A2	SULT1A2
CYP1A2	VKORC1
CYP1A2	CYP19A1
CYP1A2	MAOB
CYP1A2	H6PD
CYP1A2	HSD11B1
CYP1A2	ABCG2
CYP1A2	ABCB1
CYP1A2	CYP1B1
CYP1A2	CYP2C8
CYP1A2	XDH
CYP1A2	CYP1A1
CYP1A2	CYP2C19
CYP1A2	CYP3A4
PDE4B	PTGS2
PDE4B	CREB1
PDE4B	AK5
PDE4B	ADCY10
PDE4B	CAMK2B
PDE4B	PDE4D
PDE4B	ENPP1
CD5	PLCG2
CD5	CA5A
CD5	FASLG
CD5	SYK
CD5	ALK
CD5	MYC
CD5	DPP4
CD5	PIK3R1
CD5	GATA3
CD5	MS4A1
CD5	CD247
CD5	ITK
CD5	BTK
CD5	IL2RA
CD5	IL6
CD5	BCL2
CD5	BCL6
SERPINA6	ELANE
SERPINA6	SERPINC1
SERPINA6	PPARA
SERPINA6	FGA
SERPINA6	SERPINA1
SERPINA6	HSD11B1
SERPINA6	SHBG
PKN1	TRAF1
PKN1	PHF21A
PKN1	AKT1
PKN1	KDM1A
PKN1	AR
BABAM2	TUBB2A
BABAM2	PARP1
BABAM2	AKT1
BABAM2	PHC1
BABAM2	BCOR
ESR2	PTP4A3
ESR2	PPARA
ESR2	SLC2A1
ESR2	BNC2
ESR2	CCN2
ESR2	MIER1
ESR2	MMP9
ESR2	MYC
ESR2	CTNNB1
ESR2	PTGS2
ESR2	PIK3R1
ESR2	CYP1B1
ESR2	IL6
ESR2	CYP1A1
ESR2	AR
ESR2	BCL2
ESR2	HIF1A
ESR2	AKT1
ESR2	CREB1
ESR2	NCOA6
ESR2	SHBG
ESR2	IGF1R
ESR2	KLF5
ESR2	CYP19A1
ESR2	SRC
ESR2	ESR1
LRRC43	ADGRL2
NR4A2	RBFOX3
NR4A2	MSX1
NR4A2	IL6
NR4A2	ESR1
NR4A2	FASLG
NR4A2	SIM1
NR4A2	AR
NR4A2	MAOB
NR4A2	PTGS2
NR4A2	BCL2
NR4A2	CREB1
NR4A2	IER2
NR4A2	FOXA2
NR4A2	SNCA
SH2B3	ZNF652
SH2B3	SRC
SH2B3	TNFAIP3
SH2B3	IL2RA
SH2B3	CD247
SH2B3	JAK1
SH2B3	JAK3
SH2B3	IDH1
SH2B3	CLEC16A
SH2B3	THPO
SH2B3	TAGAP
SH2B3	JAK2
PDE4D	GSDMB
PDE4D	ORMDL3
PDE4D	CREB1
PDE4D	SRC
PDE4D	AK5
PDE4D	CAMK2B
PDE4D	ADCY10
PDE4D	ENPP1
CA7	CA1
DMPK	SRC
DMPK	CELF1
AK5	NPSR1
AK5	PDE3A
AK5	NME7
AK5	ENPP1
SCARA5	TC2N
SCARA5	STAB2
BLM	RUNX3
BLM	LMNA
BLM	CKAP5
BLM	POLE4
BLM	CDK1
BLM	PARP1
BLM	MYC
BLM	RAD51B
BLM	RTEL1
BLM	FBH1
ANO1	CTNNB1
ANO1	ALK
ANO1	ANO2
ANO1	RTEL1
GFRA1	AKT1
GFRA1	PIK3R1
GFRA1	SHANK3
GFRA1	PRKCA
GFRA1	SRC
ARID4A	HDAC6
ARID4A	KDM1A
ARID4A	PHF21A
ARID4A	HDAC8
ARID4A	SAP130
GRK6	GRK5
TNFRSF14	BCL6
TNFRSF14	BCL2
TNFRSF14	PTPN1
TNFRSF14	MITF
TNFRSF14	IL6
TNFRSF14	PVR
TNFRSF14	FASLG
TNFRSF14	TNFAIP3
TNFRSF14	TRAF3
TNFRSF14	TRAF1
SLC25A46	WDR36
SLC25A46	EMSY
SLC25A46	TMEM232
RPS26	TMEM232
RPS26	PSMC3
RPS26	ORMDL3
RPS26	UBQLN4
RPS26	NPSR1
RPS26	EIF2S2
SFPQ	ALK
SFPQ	MYC
SFPQ	CDK9
SFPQ	SMN1
SFPQ	KIFAP3
SFPQ	CREB1
SFPQ	KDM1A
SFPQ	EIF4G3
SFPQ	FTO
SFPQ	CELF1
SFPQ	AR
SFPQ	ELAVL1
FRYL	KDM1A
FRYL	IDH1
GRM8	LRP1B
GRM8	GRIK2
GRM8	SRC
GRM8	GRIN2B
GRM8	SHANK3
GRM8	HTR2A
GRM8	CHRM2
SYN3	SHANK3
SYN3	CREB1
SYN3	CDK5
SYN3	GRIN2B
SYN3	RBFOX3
SYN3	SNCA
PDE3A	AKT1
PDE3A	PRKG1
PDE3A	CAMK2B
PDE3A	ADCY10
PDE3A	GUCY1B1
PDE3A	ENPP1
ELAVL3	AVPR2
ELAVL3	RBFOX1
ELAVL3	RBFOX3
AKR1B10	GLO1
AKR1B10	H6PD
AKR1B10	CALCRL
AKR1B10	ZNF217
AKR1B10	ADH4
AKR1B10	MAOB
AKR1B10	HK1
RTEL1	RECQL
RTEL1	RAD51B
RTEL1	FBH1
F8	BTK
F8	KNG1
F8	H6PD
F8	SEC23IP
F8	FGA
F8	AVPR2
F8	SERPINE2
F8	SERPINA1
F8	F5
F8	THBD
F8	PROS1
F8	SERPINC1
F8	ADAMTS13
F8	F11
F8	F7
F8	F10
DPP4	SERPINA1
DPP4	CYP3A4
DPP4	MMP9
DPP4	PTPN1
DPP4	PPARA
DPP4	ABCC1
DPP4	TBXA2R
DPP4	IL1R1
DPP4	KNG1
DPP4	AKT1
DPP4	GIPR
DPP4	IL6
ASTN2	FTO
ASTN2	SHANK3
MT-CYB	TMEM232
MT-CYB	IL6
MT-CYB	UQCC1
MT-CYB	AKT1
MT-CYB	PTGS1
MT-CYB	MT-ND2
MT-CYB	MT-ND1
MT-CYB	MT-ND4
KIFAP3	CDK5
KIFAP3	NME7
KIFAP3	SRC
PTGS1	AKT1
PTGS1	ESR1
PTGS1	MMP9
PTGS1	PRKCA
PTGS1	TBXA2R
PTGS1	BCL2
PTGS1	IL6
PTGS1	MT-ND1
PTGS1	MT-ND2
PTGS1	MT-ND4
PTGS1	CYP2C8
PTGS1	CYP2C19
PTGS1	PTGS2
PTGS1	ALOX5
MT-ND1	SRC
MT-ND1	JAK3
MT-ND1	H6PD
MT-ND1	JAK1
MT-ND1	PCCB
MT-ND1	GGNBP2
MT-ND1	AKT1
MT-ND1	SNCA
MT-ND1	MT-ND4
MT-ND1	MT-ND2
SLC39A13	NUP160
SLC39A13	SLC15A2
SLC39A13	SLC39A8
SLC39A13	PSMC3
CD247	INPP5D
CD247	ROR1
CD247	MS4A1
CD247	BTK
CD247	AKT1
CD247	YES1
CD247	IL2RA
CD247	PTPRJ
CD247	MYC
CD247	FASLG
CD247	PLCG2
CD247	IL6
CD247	JAK3
CD247	SRC
CD247	PIK3R1
CD247	HLA-DRB5
CD247	ITK
CD247	SYK
TLR1	LPP
TLR1	TNFAIP3
TLR1	PTGS2
TLR1	TAGAP
TLR1	AKT1
TLR1	BTK
TLR1	FGA
TLR1	TRAF3
TLR1	SYK
TLR1	ADGRL2
TLR1	SNCA
TLR1	MMP9
TLR1	IL6R
TLR1	IL1R1
TLR1	IL6
MT-ND4	PCCB
MT-ND4	PPIA
MT-ND4	H6PD
MT-ND4	SNCA
MT-ND4	MT-ND2
MT-ND2	SNCA
MT-ND2	SRC
PSMB5	TNFRSF11A
PSMB5	SUFU
PSMB5	RUNX3
PSMB5	TNKS2
PSMB5	TRAF3
PSMB5	HIF1A
PSMB5	SNCA
PSMB5	UBQLN4
PSMB5	PSMC3
TRIM58	SNCA
TRIM58	TENT5C
GALNT2	PSRC1
THBS2	ABCG2
THBS2	AKT1
THBS2	PTPRJ
THBS2	ANGPT1
THBS2	CCN2
THBS2	DPT
THBS2	IL6
THBS2	COL15A1
THBS2	MMP9
PARP1	NAPRT
PARP1	JAK1
PARP1	CYP19A1
PARP1	ELAVL1
PARP1	CREB1
PARP1	CDH4
PARP1	RPS6KA1
PARP1	IDH1
PARP1	KDM1A
PARP1	HDAC6
PARP1	RAD51B
PARP1	ETS1
PARP1	ABCG2
PARP1	JAK2
PARP1	PTGS2
PARP1	ALK
PARP1	ABCB1
PARP1	ZNF423
PARP1	MMP9
PARP1	IGF1R
PARP1	IL6
PARP1	FASLG
PARP1	NSD2
PARP1	SRC
PARP1	AR
PARP1	MAP1LC3A
PARP1	CDK9
PARP1	BRAF
PARP1	RECQL
PARP1	CDK1
PARP1	HIF1A
PARP1	LMNA
PARP1	MCL1
PARP1	ESR1
PARP1	CTNNB1
PARP1	MYC
PARP1	PARP10
PARP1	FOXO1
PARP1	TNKS2
PARP1	AKT1
PARP1	BCL2
LYPLAL1	FTO
NEK2	SEPTIN2
NEK2	SUFU
NEK2	CKAP5
NEK2	AKT1
NEK2	INCENP
NEK2	MYC
NEK2	CTNNB1
NEK2	CDK1
HSD11B1	CYP19A1
HSD11B1	CYP2D6
HSD11B1	H6PD
HSD11B1	CYP1A1
HSD11B1	CYP3A4
TAGAP	IL2RA
TAGAP	WDR36
TAGAP	TNFAIP3
TAGAP	CLEC16A
C4BPA	SERPINA1
C4BPA	HPR
C4BPA	SERPINC1
C4BPA	FGA
C4BPA	FLG
C4BPA	F5
C4BPA	KNG1
C4BPA	PROS1
SYNE1	CSMD1
SYNE1	CTNNB1
SYNE1	LRP1B
SYNE1	LMNA
NAV1	ARHGEF28
NAV1	PSMC3
F13B	F11
F13B	SERPINE2
F13B	KNG1
F13B	F5
F13B	F10
F13B	SERPINC1
F13B	FGA
RGS18	MS4A6A
RGS18	BTK
RGS18	SNX13
RGS18	KNG1
RGS18	RGS14
RGS18	RGSL1
PTGS2	SYK
PTGS2	CYP3A4
PTGS2	JAK1
PTGS2	TRAF1
PTGS2	ABCB1
PTGS2	ANGPT1
PTGS2	THBD
PTGS2	SLC2A1
PTGS2	AR
PTGS2	SNCA
PTGS2	BRAF
PTGS2	IGF1R
PTGS2	FASLG
PTGS2	CYP1B1
PTGS2	IL33
PTGS2	IL6R
PTGS2	CYP1A1
PTGS2	MAOB
PTGS2	ADAMTS4
PTGS2	JAK2
PTGS2	BCL6
PTGS2	MCL1
PTGS2	IL1R1
PTGS2	MMP12
PTGS2	CYP19A1
PTGS2	ELAVL1
PTGS2	PRKCA
PTGS2	CREB1
PTGS2	TNFAIP3
PTGS2	ESR1
PTGS2	CCN2
PTGS2	KNG1
PTGS2	XDH
PTGS2	MYC
PTGS2	PPARA
PTGS2	BCL2
PTGS2	CTNNB1
PTGS2	AKT1
PTGS2	SRC
PTGS2	MMP9
PTGS2	HIF1A
PTGS2	CYP2C19
PTGS2	CYP2C8
PTGS2	IL6
PTGS2	ALOX5
RC3H1	BCL6
RC3H1	ZBTB37
RC3H1	IL6
RC3H1	ELAVL1
RC3H1	CELF1
SERPINC1	SLC2A1
SERPINC1	HGFAC
SERPINC1	SHBG
SERPINC1	IL6
SERPINC1	ADAMTS13
SERPINC1	SERPINA1
SERPINC1	MTHFR
SERPINC1	PROS1
SERPINC1	ELANE
SERPINC1	KNG1
SERPINC1	F5
SERPINC1	F7
SERPINC1	THBD
SERPINC1	F11
SERPINC1	FGA
SERPINC1	F10
ZBTB37	DARS2
FASLG	TRAF1
FASLG	GATA3
FASLG	ESR1
FASLG	JAK2
FASLG	EDA2R
FASLG	HIF1A
FASLG	MYC
FASLG	SRC
FASLG	MMP9
FASLG	IL2RA
FASLG	ITK
FASLG	IL1R1
FASLG	PIK3R1
FASLG	CTNNB1
FASLG	MCL1
FASLG	AKT1
FASLG	IL6
FASLG	FOXO1
FASLG	BCL2
SUCO	ETS1
SUCO	MARCHF1
SUCO	HIF1A
PIGC	SRC
PIGC	PIGV
GORAB	PTPRK
SCYL3	COPZ1
F5	SEC23IP
F5	FGA
F5	THBD
F5	F11
F5	KNG1
F5	SERPINA1
F5	SERPINE2
F5	F7
F5	MTHFR
F5	PROS1
F5	F10
CCDC181	NME7
NME7	GUCY1B1
NME7	ADCY10
NME7	TUBA1A
NME7	ATP1B1
NME7	ENPP1
ATP1B1	RBFOX3
ATP1B1	PROS1
ATP1B1	PRKG1
DPT	RAD51B
TBX19	SRC
TBX19	PAX7
DCAF6	SOX6
DCAF6	ZNF217
DCAF6	AR
DCAF6	AMBRA1
ADCY10	SMN1
ADCY10	HBB
ADCY10	MYC
ADCY10	ENPP1
RCSD1	PLEKHO1
CCN2	PPARA
CCN2	SERPINE2
CCN2	MMP12
CCN2	ANGPT1
CCN2	BCL6
CCN2	MITF
CCN2	BCL2
CCN2	SRC
CCN2	RUNX3
CCN2	ADAMTS4
CCN2	CTNNB1
CCN2	ESR1
CCN2	MYC
CCN2	HIF1A
CCN2	IL6
CCN2	AKT1
CCN2	MMP9
ADAMTS4	GDF5
ADAMTS4	SERPINA1
ADAMTS4	MMP12
ADAMTS4	AKT1
ADAMTS4	IL6
ADAMTS4	MMP9
LMNA	CAMK2B
LMNA	BCL2
LMNA	ALK
LMNA	WWOX
LMNA	IL6
LMNA	JAK2
LMNA	MYC
LMNA	CDK1
LMNA	PRKCA
LMNA	AKT1
LMNA	BRAF
LMNA	SRC
LMNA	CTNNB1
LMNA	MYBPC3
LMNA	CDK5
UBQLN4	CISD1
UBQLN4	MAP1LC3A
UBQLN4	PSMC3
IL6R	MYC
IL6R	SH3GL2
IL6R	BCL2
IL6R	ANGPT1
IL6R	MMP12
IL6R	MCL1
IL6R	MMP9
IL6R	BCL6
IL6R	AKT1
IL6R	IL31
IL6R	IL33
IL6R	IGF1R
IL6R	LIFR
IL6R	THPO
IL6R	IL2RA
IL6R	IL1R1
IL6R	JAK3
IL6R	PLCG2
IL6R	SRC
IL6R	JAK2
IL6R	JAK1
IL6R	IL6
FLG	ORMDL3
FLG	EMSY
FLG	IL6
FLG	IL33
FLG	IL31
MCL1	ABCG2
MCL1	ALK
MCL1	RPS6KA1
MCL1	ABCB1
MCL1	JAK3
MCL1	SYK
MCL1	CREB1
MCL1	IGF1R
MCL1	BCL6
MCL1	MMP9
MCL1	BTK
MCL1	JAK1
MCL1	MAP1LC3A
MCL1	PIK3R1
MCL1	SRC
MCL1	BRAF
MCL1	CDK9
MCL1	JAK2
MCL1	IL6
MCL1	FOXO1
MCL1	ESR1
MCL1	ELAVL1
MCL1	CTNNB1
MCL1	BCL2
MCL1	CDK1
MCL1	HIF1A
MCL1	MYC
MCL1	AKT1
MCL1	TNKS2
PDSS2	PLCE1
SEC23IP	COPZ1
SEC23IP	WDR36
SEC23IP	SERPINA1
SEC23IP	WWOX
CA14	CA9
PLEKHO1	AKT1
SIM1	HIF1A
PNLIP	PPARA
PNLIP	DGKZ
TENT5C	CA1
TENT5C	NSD2
TENT5C	BRAF
TENT5C	TRAF3
SUFU	PSMC3
SUFU	BCL2
SUFU	FOXO1
SUFU	MYC
SUFU	AKT1
SUFU	ARL13B
SUFU	CTNNB1
PSRC1	APOC1
PSRC1	CKAP5
AMY1A	SRC
ADGRL2	SHANK3
ADGRL2	LRRC55
ADGRL2	TSKU
ADGRL2	ROBO1
ADGRL2	LRMDA
WDR78	DYNLRB2
WDR78	DNAH17
CYP2C8	ABCC1
CYP2C8	CYP19A1
CYP2C8	H6PD
CYP2C8	CYP1B1
CYP2C8	ABCG2
CYP2C8	ABCB1
CYP2C8	VKORC1
CYP2C8	ALOX5
CYP2C8	CYP2C19
CYP2C8	CYP1A1
CYP2C8	CYP3A4
CYP2C19	ABCC1
CYP2C19	MTHFR
CYP2C19	H6PD
CYP2C19	HTR2A
CYP2C19	CYP19A1
CYP2C19	CYP1B1
CYP2C19	CYP1A1
CYP2C19	ABCG2
CYP2C19	ABCB1
CYP2C19	VKORC1
CYP2C19	CYP2D6
CYP2C19	MAOB
CYP2C19	ALOX5
CYP2C19	CYP3A4
PLCE1	ARHGAP24
PLCE1	BRAF
PLCE1	PIK3R1
PLCE1	PLCG2
PLCE1	DGKZ
PLCE1	IPMK
PLCE1	PRKCA
ZNF217	SOX6
ZNF217	GATA3
ZNF217	ALKBH5
ZNF217	MYC
ZNF217	ESR1
ZNF217	PHF21A
ZNF217	KDM1A
PTPN1	FGA
PTPN1	PPARA
PTPN1	IL6
PTPN1	FOXO1
PTPN1	CDK1
PTPN1	PIK3R1
PTPN1	ESR1
PTPN1	JAK1
PTPN1	AKT1
PTPN1	CTNNB1
PTPN1	SRC
PTPN1	JAK2
PTPN1	IGF1R
TNKS2	PSMC3
TNKS2	MYC
TNKS2	PARP10
TNKS2	CTNNB1
ADAMTS13	STX2
ADAMTS13	IL6
ADAMTS13	F10
ADAMTS13	F11
ADAMTS13	F7
ADAMTS13	THPO
ADAMTS13	THBD
NRG3	YES1
NRG3	PIK3R1
NRG3	ANGPT1
NRG3	SRC
MMP9	SLC2A1
MMP9	TRAF1
MMP9	THBD
MMP9	ABCG2
MMP9	FOXO1
MMP9	SYK
MMP9	TNFAIP8
MMP9	PPIA
MMP9	HBB
MMP9	PRKCA
MMP9	ABCB1
MMP9	NFE2
MMP9	PPARA
MMP9	KNG1
MMP9	ALOX5
MMP9	JAK1
MMP9	BRAF
MMP9	IL33
MMP9	IL2RA
MMP9	IL1R1
MMP9	THPO
MMP9	AR
MMP9	ETS1
MMP9	COL15A1
MMP9	CREB1
MMP9	SERPINA1
MMP9	XDH
MMP9	TEK
MMP9	ELAVL1
MMP9	JAK2
MMP9	CA9
MMP9	ANGPT1
MMP9	CDK1
MMP9	IGF1R
MMP9	MMP12
MMP9	MYC
MMP9	ESR1
MMP9	CTNNB1
MMP9	BCL2
MMP9	HIF1A
MMP9	AKT1
MMP9	IL6
MMP9	SRC
MMP9	ELANE
TSPO2	YPEL4
CDK9	FOXO1
CDK9	CKAP5
CDK9	KDM1A
CDK9	AR
CDK9	BCL2
CDK9	ESR1
CDK9	KMT2A
CDK9	MYC
TSPAN15	SLC44A2
GLO1	GGNBP2
GLO1	IDH1
GLO1	H6PD
GLO1	PCCB
GLO1	MAOB
PIM1	FOXO1
PIM1	HIF1A
PIM1	BCL6
PIM1	MYC
PIM1	SERPINA1
HDAC8	ESRRA
HDAC8	CREB1
HDAC8	EMSY
HDAC8	AKT1
HDAC8	KDM1A
HDAC8	HDAC6
SRC	PTPRS
SRC	HDAC6
SRC	SLC2A1
SRC	ANGPT1
SRC	HTR2A
SRC	ABCB1
SRC	SHANK3
SRC	ABCG2
SRC	CAMK2B
SRC	HK1
SRC	IDH1
SRC	CYP19A1
SRC	FGA
SRC	FOXO1
SRC	SNCA
SRC	GATA3
SRC	SERPINA1
SRC	GIPR
SRC	NPSR1
SRC	SH3GL2
SRC	PTPRJ
SRC	CHRM2
SRC	IL1R1
SRC	NCOA6
SRC	ESRRA
SRC	RPS6KA1
SRC	H6PD
SRC	TSHR
SRC	ETS1
SRC	RPS6KA3
SRC	PPARA
SRC	CREB1
SRC	TRAF1
SRC	CDK1
SRC	KNG1
SRC	CALCRL
SRC	AVPR2
SRC	IL6
SRC	MYC
SRC	ALK
SRC	TRAF3
SRC	BRAF
SRC	BCL2
SRC	PRKCA
SRC	HIF1A
SRC	INPP5D
SRC	MAP3K2
SRC	JAK2
SRC	RUNX3
SRC	GRIN2B
SRC	ITK
SRC	DCC
SRC	AFAP1
SRC	YES1
SRC	PLCG2
SRC	AR
SRC	AKT1
SRC	IGF1R
SRC	PIK3R1
SRC	ESR1
SRC	SYK
SRC	CTNNB1
NEK6	NUP160
REEP3	JMJD1C
TRAF1	IL2RA
TRAF1	HDAC6
TRAF1	AKT1
TRAF1	RPS6KA3
TRAF1	IL6
TRAF1	IL1R1
TRAF1	JAK3
TRAF1	BCL2
TRAF1	TNFRSF11A
TRAF1	TRAF3
TRAF1	EDA2R
TRAF1	TNFAIP3
IPMK	PLCG2
PRKG1	AR
PRKG1	KNG1
PRKG1	CREB3L1
PRKG1	CREB1
PRKG1	GUCY1B1
PIGV	RGSL1
GDF5	SOX6
GDF5	IL33
GDF5	SOX5
GDF5	IL6
GDF5	ACVRL1
GDF5	MCF2L
GDF5	UQCC1
ALOX5	TBXA2R
ALOX5	PPARA
ALOX5	AKT1
ALOX5	BCL6
ALOX5	IL6
AR	CYP3A4
AR	HDAC6
AR	MSMB
AR	BCOR
AR	GATA3
AR	PHF21A
AR	CREB1
AR	CDK1
AR	EDA2R
AR	JMJD1C
AR	NSD2
AR	IL6
AR	KMT2A
AR	BCL2
AR	ELAVL1
AR	PIK3R1
AR	BRAF
AR	SHBG
AR	MYC
AR	ETS1
AR	CYP19A1
AR	IGF1R
AR	FOXA2
AR	HIF1A
AR	AKT1
AR	FOXO1
AR	ESR1
AR	KDM1A
AR	CTNNB1
NCOA6	CYP1A1
NCOA6	NR1H3
NCOA6	CREB1
NCOA6	CHD9
NCOA6	KMT2A
NCOA6	PPARA
NCOA6	WDR36
NCOA6	ESR1
MAP1LC3A	MYC
MAP1LC3A	HIF1A
MAP1LC3A	AKT1
MAP1LC3A	BCL2
MAP1LC3A	SNCA
MAP1LC3A	AMBRA1
HLA-DRB5	PTPRJ
HLA-DRB5	SH3GL2
HLA-DRB5	ITK
HLA-DRB5	CELF1
HLA-DRB5	INPP5D
HLA-DRB5	MS4A6A
EIF2S2	PSMC3
EIF2S2	ELAVL1
EIF2S2	CELF1
EIF2S2	EIF4G3
PAX7	MYC
PAX7	NFE2
PAX7	SOX6
PAX7	AKT1
PAX7	FOXA2
PAX7	MITF
PAX7	CTNNB1
PAX7	KMT2A
PAX7	FOXO1
F10	IL6
F10	CYP3A4
F10	PROS1
F10	SERPINE2
F10	SERPINA1
F10	KNG1
F10	FGA
F10	F11
F10	THBD
F10	F7
F7	MTHFR
F7	THPO
F7	SERPINA1
F7	IL6
F7	KNG1
F7	FGA
F7	F11
F7	VKORC1
F7	THBD
SYK	HDAC6
SYK	EPHA5
SYK	IL1R1
SYK	ABCG2
SYK	MYC
SYK	PTPRJ
SYK	KNG1
SYK	BCL6
SYK	TNFRSF11A
SYK	INPP5D
SYK	YES1
SYK	CTNNB1
SYK	TRAF3
SYK	JAK3
SYK	JAK1
SYK	AKT1
SYK	FGA
SYK	IL6
SYK	BCL2
SYK	ITK
SYK	IL2RA
SYK	JAK2
SYK	PIK3R1
SYK	BTK
SYK	PLCG2
MTHFR	PROS1
MTHFR	CYP3A4
MTHFR	PC
MTHFR	FTO
MTHFR	PCCB
MTHFR	IDH1
MTHFR	CYP2D6
MTHFR	H6PD
MTHFR	VKORC1
MTHFR	CYP1A1
MTHFR	HTR2A
MTHFR	ABCB1
MTHFR	IL6
HDAC6	HBB
HDAC6	AMBRA1
HDAC6	BCOR
HDAC6	CREB1
HDAC6	CDK5
HDAC6	BCL2
HDAC6	JAK2
HDAC6	ELAVL1
HDAC6	MYC
HDAC6	RPS6KA3
HDAC6	CDK1
HDAC6	ESR1
HDAC6	BANP
HDAC6	GRK5
HDAC6	TUBB2A
HDAC6	KDM1A
HDAC6	PRKCA
HDAC6	ARL13B
HDAC6	TUBA1C
HDAC6	AKT1
HDAC6	CTNNB1
HDAC6	HIF1A
HDAC6	SNCA
HDAC6	TUBA1A
IL31	JAK2
IL31	IL6
IL31	IL33
IL31	JAK1
THBD	KNG1
THBD	TEK
THBD	SERPINE2
THBD	SERPINA1
THBD	ELANE
THBD	ANGPT1
THBD	IL6
THBD	FGA
THBD	F11
ARL5B	NSUN6
NSUN6	NPSR1
NSUN6	WDR36
CA6	CA5A
CA6	CA1
KLF12	DAPK1
KLF12	FOXA2
KLF12	ETS1
KLF5	FOXA2
KLF5	AKT1
KLF5	HIF1A
KLF5	PPARA
KLF5	MYC
KLF5	ESR1
KLF5	CTNNB1
MAOB	GRIN2B
MAOB	AKT1
MAOB	CHRM2
MAOB	IL6
MAOB	CREB1
MAOB	BCL2
MAOB	PHF21A
MAOB	XDH
MAOB	HTR2A
MAOB	SNCA
MAOB	ADH4
MAOB	CYP3A4
MAOB	CYP2D6
CA9	SLC16A1
CA9	ESR1
CA9	MYC
CA9	IL6
CA9	PSMC3
CA9	AKT1
CA9	CA1
CA9	BCL2
CA9	CTNNB1
CA9	SLC2A1
CA9	HIF1A
OR4A5	TRIM48
BCOR	PHC1
BCOR	BCL6
NUP160	SMN1
NUP160	SLC43A3
NUP160	CDK1
NUP160	PSMC3
NUP160	CELF1
NUP160	INCENP
LRP4	MSX1
CYP4V2	CYP3A4
CYP4V2	CYP1A1
CYP4V2	CYP1B1
CYP4V2	F11
GATA3	IL1R1
GATA3	ALK
GATA3	JAK3
GATA3	BCL2
GATA3	PIK3R1
GATA3	GSDMB
GATA3	JAK1
GATA3	FOXO1
GATA3	CTNNB1
GATA3	AKT1
GATA3	IKZF2
GATA3	JAK2
GATA3	FOXA2
GATA3	IL2RA
GATA3	ZBTB7B
GATA3	NFATC2
GATA3	KDM1A
GATA3	RUNX3
GATA3	IL6
GATA3	ZFPM2
GATA3	BCL6
GATA3	MYC
GATA3	ITK
GATA3	HIF1A
GATA3	CREB1
GATA3	IL33
GATA3	ETS1
GATA3	ESR1
XDH	ABCG2
XDH	H6PD
XDH	KNG1
XDH	HIF1A
XDH	CYP3A4
XDH	ESR1
XDH	BCL2
XDH	AKT1
XDH	IL6
XDH	PPARA
FOXO1	TRAF3
FOXO1	PRKCA
FOXO1	SLC2A1
FOXO1	ESRRA
FOXO1	ELAVL1
FOXO1	FTO
FOXO1	JAK2
FOXO1	TNFAIP3
FOXO1	PIK3R1
FOXO1	GIPR
FOXO1	CDK1
FOXO1	PPARA
FOXO1	BCL2
FOXO1	IL6
FOXO1	MYC
FOXO1	IGF1R
FOXO1	BCL6
FOXO1	HIF1A
FOXO1	ESR1
FOXO1	CREB1
FOXO1	ETS1
FOXO1	CTNNB1
FOXO1	AKT1
RPS6KA3	BCL2
RPS6KA3	MKNK1
RPS6KA3	CTNNB1
RPS6KA3	MYC
RPS6KA3	CDK1
RPS6KA3	SH3GL2
RPS6KA3	BRAF
RPS6KA3	ESR1
RPS6KA3	CREB1
RPS6KA3	RPS6KA2
RPS6KA3	RPS6KA1
IL2RA	AKT1
IL2RA	CTNNB1
IL2RA	TNFAIP3
IL2RA	MYC
IL2RA	MS4A1
IL2RA	BCL2
IL2RA	PIK3R1
IL2RA	BCL6
IL2RA	IKZF2
IL2RA	INPP5D
IL2RA	CLEC16A
IL2RA	ITK
IL2RA	IL33
IL2RA	THPO
IL2RA	IL1R1
IL2RA	JAK2
IL2RA	IL6
IL2RA	JAK1
IL2RA	JAK3
FBH1	MYC
FBH1	RECQL
FBH1	RAD51B
TEK	ACVRL1
TEK	CTNNB1
TEK	PTPRJ
TEK	HIF1A
TEK	AKT1
TEK	IL6
TEK	PIK3R1
TEK	THPO
TEK	ANGPT1
TUBB2A	ZNF423
TUBB2A	HK1
TUBB2A	TUBB8
TUBB2A	CKAP5
TUBB2A	AKT1
TUBB2A	TUBA3C
TUBB2A	TUBA1C
TUBB2A	TUBA1A
SHBG	CYP3A4
SHBG	FTO
SHBG	PROS1
SHBG	IL6
SHBG	ESR1
SHBG	CYP19A1
SH3GL2	RIMS2
SH3GL2	SNCA
SH3GL2	RPS6KA1
SH3GL2	RBFOX1
SH3GL2	RPS6KA2
SH3GL2	FCHO2
SH3GL2	IGF1R
SMN1	ELAVL1
SMN1	BCL2
IL33	ELANE
IL33	AKT1
IL33	TRAF3
IL33	IGF1R
IL33	GSDMB
IL33	ORMDL3
IL33	IL1F10
IL33	IL6
IL33	IL1R1
NPSR1	PIK3R1
NPSR1	WDR36
NPSR1	BTK
NPSR1	GRK5
NPSR1	KNG1
NPSR1	DPP10
NPSR1	ORMDL3
JAK2	CAMK2B
JAK2	TNFAIP3
JAK2	IL1R1
JAK2	KMT2A
JAK2	PPIA
JAK2	BCL6
JAK2	ESR1
JAK2	YES1
JAK2	BRAF
JAK2	INPP5D
JAK2	MYC
JAK2	CTNNB1
JAK2	IDH1
JAK2	CREB1
JAK2	BCL2
JAK2	AKT1
JAK2	HIF1A
JAK2	THPO
JAK2	PLCG2
JAK2	ALK
JAK2	JAK3
JAK2	LIFR
JAK2	IGF1R
JAK2	PIK3R1
JAK2	IL6
JAK2	JAK1
MSX1	NSD2
MSX1	CTNNB1
MSX1	FOXA2
NSD2	L3MBTL1
NSD2	PHF19
NSD2	ESR1
NSD2	MYC
NSD2	KDM1A
NSD2	CTNNB1
STAB2	TC2N
TYRP1	BRAF
TYRP1	AKT1
TYRP1	CREB1
TYRP1	LRMDA
TYRP1	CDK1
TYRP1	MITF
ACVRL1	ALK
ACVRL1	IL6
ALK	BRAF
ALK	HIF1A
ALK	LRP1B
ALK	ABCG2
ALK	IL6
ALK	ABCB1
ALK	KIRREL3
ALK	SLC2A1
ALK	ESR1
ALK	BCL6
ALK	KMT2A
ALK	BCL2
ALK	IDH1
ALK	DUSP22
ALK	CTNNB1
ALK	MYC
ALK	PLCG2
ALK	JAK1
ALK	JAK3
ALK	PIK3R1
LRP1B	EPHA5
LRP1B	BRAF
LRP1B	CSMD1
HDLBP	HPR
HDLBP	APOC1
STX2	STH
STX2	A4GALT
STX2	STX10
ETS1	ESR1
ETS1	ITK
ETS1	IL6
ETS1	TNFAIP3
ETS1	IER2
ETS1	RPS6KA2
ETS1	PIK3R1
ETS1	MITF
ETS1	AKT1
ETS1	HIF1A
ETS1	CTNNB1
ETS1	NFATC2
ETS1	MYC
ETS1	RUNX3
ETS1	BCL2
ETS1	CREB1
ABCA5	ABCB1
TRAF3	PSMC3
TRAF3	IL1R1
TRAF3	MYC
TRAF3	JAK1
TRAF3	AKT1
TRAF3	BCL2
TRAF3	BRAF
TRAF3	ESR1
TRAF3	CREB1
TRAF3	IL6
TRAF3	TNFAIP3
TRAF3	TNFRSF11A
TRAF3	EDA2R
TRAF3	BTK
GRK5	SNCA
GRK5	AVPR2
GRK5	KNG1
GRK5	HTR2A
GRK5	TBXA2R
TDG	MYC
TDG	ALKBH2
TDG	ESR1
DPP10	ORMDL3
IL1F10	IL6
IL1F10	IL1R1
BANP	PRKCA
BANP	HIF1A
BANP	CTNNB1
ORMDL3	CLEC16A
ORMDL3	WDR36
ORMDL3	EMSY
ORMDL3	GSDMB
ARL13B	HBB
PROS1	FGA
PROS1	VKORC1
CCDC66	ABCC1
INCENP	POLI
INCENP	EZH1
INCENP	CKAP5
INCENP	MYC
INCENP	CDK1
VKORC1	IL6
VKORC1	ABCB1
VKORC1	CYP3A4
VKORC1	CYP2D6
CYP1A1	CTNNB1
CYP1A1	BCL2
CYP1A1	CHD9
CYP1A1	AKT1
CYP1A1	H6PD
CYP1A1	RECQL
CYP1A1	SULT1A2
CYP1A1	IL6
CYP1A1	ABCG2
CYP1A1	ABCB1
CYP1A1	PPARA
CYP1A1	ESR1
CYP1A1	CYP2D6
CYP1A1	CYP1B1
CYP1A1	CYP19A1
CYP1A1	CYP3A4
CDK1	TUBA1C
CDK1	CDK5
CDK1	SEPTIN2
CDK1	CREB1
CDK1	ESR1
CDK1	ELAVL1
CDK1	AKT1
CDK1	YES1
CDK1	IL6
CDK1	CTNNB1
CDK1	MYC
CDK1	HIF1A
CDK1	CKAP5
CDK1	BCL2
SULT1A2	CYP3A4
SULT1A2	CYP2D6
CAMK2B	JAK1
CAMK2B	BRAF
CAMK2B	CREB3L1
CAMK2B	CREB1
CAMK2B	GRIN2B
CAMK2B	PLCG2
NFATC2	MYC
NFATC2	AKT1
NFATC2	IL6
NFATC2	RUNX3
NFATC2	SOX5
NFATC2	FOXA2
NFATC2	PPIA
NFATC2	CREB1
SOX6	ZFPM2
SOX6	CREB1
SOX6	KDM1A
SOX6	MYH7B
SOX6	CTNNB1
SOX6	SOX5
CYP19A1	SOX5
CYP19A1	MYC
CYP19A1	CREB1
CYP19A1	CTNNB1
CYP19A1	IL6
CYP19A1	BCL2
CYP19A1	CYP2D6
CYP19A1	H6PD
CYP19A1	IGF1R
CYP19A1	ESRRA
CYP19A1	CYP1B1
CYP19A1	AKT1
CYP19A1	ESR1
CYP19A1	CYP3A4
CDH7	CDH4
CDH7	CTNNB1
BCL2	RUNX3
BCL2	ANGPT1
BCL2	LIFR
BCL2	DAPK3
BCL2	DAPK2
BCL2	CDK5
BCL2	TNFAIP3
BCL2	JAK3
BCL2	SLC2A1
BCL2	IDH1
BCL2	RBFOX3
BCL2	SNCA
BCL2	RPS6KA1
BCL2	ABCC1
BCL2	ESRRA
BCL2	ABCG2
BCL2	JAK1
BCL2	RPS6KA2
BCL2	ELAVL1
BCL2	PPARA
BCL2	MITF
BCL2	BTK
BCL2	ABCB1
BCL2	PIK3R1
BCL2	PRKCA
BCL2	DAPK1
BCL2	BRAF
BCL2	IGF1R
BCL2	CTNNB1
BCL2	IL6
BCL2	ESR1
BCL2	BCL6
BCL2	CREB1
BCL2	HIF1A
BCL2	AMBRA1
BCL2	MYC
BCL2	AKT1
FRMD4B	DYNLRB2
EIPR1	DTWD2
ALKBH5	MYC
ALKBH5	ALKBH2
ALKBH5	ELAVL1
ALKBH5	FTO
JMJD1C	KDM1A
JMJD1C	KDM4E
QSER1	EMSY
ABCC1	HIF1A
ABCC1	CYP2D6
ABCC1	ABCB5
ABCC1	AKT1
ABCC1	CYP3A4
ABCC1	ABCB1
ABCC1	MYC
ABCC1	CTNNB1
ABCC1	ABCG2
RUNX3	PSMC3
RUNX3	ZFPM2
RUNX3	ITK
RUNX3	ESR1
RUNX3	AKT1
RUNX3	BRAF
RUNX3	BCL6
RUNX3	HIF1A
RUNX3	DAPK1
RUNX3	ZBTB7B
RUNX3	MYC
RUNX3	CTNNB1
TUBA3C	TUBA1A
TUBA3C	CKAP5
TUBA3C	TUBA1C
TUBA3C	TUBB8
KDM1A	L3MBTL1
KDM1A	ELAVL1
KDM1A	HIF1A
KDM1A	IDH1
KDM1A	EZH1
KDM1A	AKT1
KDM1A	PHF19
KDM1A	PSMC3
KDM1A	KBTBD4
KDM1A	KMT2A
KDM1A	KDM4E
KDM1A	PHC1
KDM1A	CREB1
KDM1A	NR1H3
KDM1A	CTNNB1
KDM1A	MYC
KDM1A	ESR1
KDM1A	PHF21A
EIF4G3	ELAVL1
EIF4G3	MKNK1
NCAM2	PTPRS
MIER1	MYC
MIER1	ESR1
ZFPM2	PIK3R1
BCL6	JAK1
BCL6	MS4A1
BCL6	TNFAIP3
BCL6	BTK
BCL6	AKT1
BCL6	ESR1
BCL6	CTNNB1
BCL6	IL6
BCL6	HIF1A
BCL6	MYC
ESRRA	MYC
ESRRA	AKT1
ESRRA	MITF
ESRRA	CTNNB1
ESRRA	PPARA
ESRRA	HIF1A
ESRRA	CREB1
ESRRA	ESR1
ABCB5	MITF
ABCB5	NR1H3
ABCB5	ABCG2
ABCB5	AKT1
ABCB5	BRAF
F11	SERPINA1
F11	SERPINE2
F11	FGA
F11	KNG1
ELAVL1	AKT1
ELAVL1	RBFOX3
ELAVL1	FTO
ELAVL1	RBFOX1
ELAVL1	IL6
ELAVL1	MYC
ELAVL1	CELF1
ELAVL1	HIF1A
ELAVL1	CTNNB1
ELAVL1	PRKCA
MAGI1	RPS6KA1
MAGI1	CTNNB1
PPARA	FOXA2
PPARA	PC
PPARA	JAK3
PPARA	H6PD
PPARA	ZNF423
PPARA	CTNNB1
PPARA	KNG1
PPARA	PIK3R1
PPARA	PRKCA
PPARA	CYP3A4
PPARA	GRIN2B
PPARA	CREB1
PPARA	ESR1
PPARA	MYC
PPARA	SLC2A1
PPARA	AKT1
PPARA	IL6
PPARA	HIF1A
PPARA	CHD9
PPARA	NR1H3
IL6	NR1H3
IL6	H6PD
IL6	ABCG2
IL6	ABCB1
IL6	CYP1B1
IL6	PPIA
IL6	CHRM2
IL6	PRKCA
IL6	SLC2A1
IL6	CYP3A4
IL6	BRAF
IL6	RBFOX3
IL6	BTK
IL6	SNCA
IL6	IGF1R
IL6	PIK3R1
IL6	ANGPT1
IL6	SERPINA1
IL6	KNG1
IL6	ELANE
IL6	THPO
IL6	MYC
IL6	MMP12
IL6	ESR1
IL6	HIF1A
IL6	CTNNB1
IL6	TNFAIP3
IL6	AKT1
IL6	JAK3
IL6	CREB1
IL6	LIFR
IL6	JAK1
IL6	IL1R1
DAPK1	ESR1
DAPK1	FOXA2
DAPK1	AMBRA1
DAPK1	GRIN2B
DAPK1	DAPK2
DAPK1	DAPK3
RGS14	GPR35
IL1R1	TNFAIP3
IL1R1	JAK1
IL1R1	HIF1A
IL1R1	AKT1
IL1R1	CREB1
IL1R1	LIFR
IL1R1	GRIN2B
IL1R1	PIK3R1
TMEM131L	ADH4
CLEC16A	WDR36
CLEC16A	EMSY
CLEC16A	AMBRA1
MAP3K2	CREB1
MAP3K2	CTNNB1
MAP3K2	AKT1
FUT2	TUBA1A
FUT2	ABO
CREB1	HTR2A
CREB1	RECQL
CREB1	BRAF
CREB1	FTO
CREB1	SNCA
CREB1	IGF1R
CREB1	SOX5
CREB1	RBFOX3
CREB1	PIK3R1
CREB1	CDK5
CREB1	FOXA2
CREB1	MITF
CREB1	ESR1
CREB1	MYC
CREB1	RPS6KA2
CREB1	PRKCA
CREB1	GRIN2B
CREB1	HIF1A
CREB1	KMT2A
CREB1	RPS6KA1
CREB1	CREB3L1
CREB1	CTNNB1
CREB1	AKT1
DCC	ROBO2
DCC	ROBO1
DCC	PLCG2
ACAD10	CDYL2
IDH1	HK1
IDH1	PCCB
IDH1	WWOX
IDH1	JAK3
IDH1	PIK3R1
IDH1	SLC2A1
IDH1	KMT2A
IDH1	AKT1
IDH1	CTNNB1
IDH1	HIF1A
IDH1	MYC
IDH1	PC
IDH1	BRAF
IDH1	H6PD
RBFOX1	SHANK3
RBFOX1	TUBA1A
RBFOX1	WWOX
RBFOX1	CSMD1
RBFOX1	RBFOX3
RBFOX1	CELF1
MITF	HIF1A
MITF	AKT1
MITF	IGF1R
MITF	MYC
MITF	BRAF
MITF	CTNNB1
TBXA2R	BTK
TBXA2R	PRKCA
TBXA2R	WDR36
FCHO2	CHRM2
FCHO2	AVPR2
FCHO2	PACSIN3
CHD9	RAD51B
CHD9	ESR1
GRIK2	SHANK3
GRIK2	HTR2A
GRIK2	CTNNB1
GRIK2	CSMD1
GRIK2	GRIN2B
ALKBH2	FTO
SOX5	CTNNB1
LIFR	AKT1
LIFR	HIF1A
LIFR	THPO
LIFR	PIK3R1
LIFR	JAK3
LIFR	JAK1
ITK	BTK
ITK	PPIA
ITK	PLCG2
ITK	KIRREL3
ITK	PIK3R1
SNX13	SERPINE2
PHF21A	BRAF
CHRM2	AVPR2
CHRM2	HTR2A
CHRM2	KNG1
PTPRJ	PIK3R1
PTPRJ	CTNNB1
FOXA2	CYP3A4
FOXA2	SERPINA1
FOXA2	AKT1
FOXA2	MYC
FOXA2	CTNNB1
FOXA2	ESR1
FOXA2	HIF1A
TMEM232	EMSY
NAPRT	H6PD
NAPRT	ENPP1
TRIM48	OR4C16
CPS1	FGA
CPS1	DARS2
EZH1	SKIDA1
EZH1	PHC1
EZH1	PHF19
ESR1	SLC2A1
ESR1	PRKCA
ESR1	SNCA
ESR1	ELANE
ESR1	PTP4A3
ESR1	PPIA
ESR1	ABCB1
ESR1	ABCG2
ESR1	RPS6KA1
ESR1	CYP1B1
ESR1	CYP3A4
ESR1	CYP2D6
ESR1	BRAF
ESR1	AKT1
ESR1	HIF1A
ESR1	CTNNB1
ESR1	MYC
ESR1	PIK3R1
ESR1	IGF1R
INPP5D	MS4A1
INPP5D	YES1
INPP5D	JAK1
INPP5D	CELF1
INPP5D	JAK3
INPP5D	MS4A6A
INPP5D	AKT1
INPP5D	BTK
INPP5D	PLCG2
INPP5D	PIK3R1
PRKCA	JAK1
PRKCA	SERPINA1
PRKCA	YES1
PRKCA	RPS6KA1
PRKCA	MYC
PRKCA	DGKZ
PRKCA	ABCB1
PRKCA	ROBO2
PRKCA	HIF1A
PRKCA	CREB3L1
PRKCA	GRIN2B
PRKCA	CTNNB1
PRKCA	BRAF
PRKCA	PLCG2
SKIDA1	IKZF2
SKIDA1	PHF19
DGKZ	SERPINE2
DGKZ	PLCG2
OR4A47	TRIM49B
GSDMB	ELANE
GSDMB	EMSY
GSDMB	WDR36
SERPINE2	FGA
SERPINE2	SLC2A1
SERPINE2	ELANE
SERPINA1	PPIA
SERPINA1	CYP3A4
SERPINA1	MMP12
SERPINA1	RPS6KA1
SERPINA1	HBB
SERPINA1	APOC1
SERPINA1	HPR
SERPINA1	FGA
SERPINA1	KNG1
SERPINA1	ELANE
SLC2A1	SLC44A2
SLC2A1	BRAF
SLC2A1	PC
SLC2A1	PTPRS
SLC2A1	ABCB1
SLC2A1	CTNNB1
SLC2A1	ABCG2
SLC2A1	TSHR
SLC2A1	H6PD
SLC2A1	IGF1R
SLC2A1	HK1
SLC2A1	SLC16A1
SLC2A1	MYC
SLC2A1	AKT1
SLC2A1	HIF1A
SLC15A2	ABCB1
SLC15A2	ABCG2
ROBO2	EPHA5
ROBO2	ROBO1
FTO	SP6
FTO	GIPR
FTO	ENPP1
FTO	MYC
PCCB	H6PD
PCCB	CDYL2
PCCB	PC
BRAF	ABCG2
BRAF	ABCB1
BRAF	RPS6KA2
BRAF	FGA
BRAF	TSHR
BRAF	HIF1A
BRAF	KMT2A
BRAF	PIK3R1
BRAF	MYC
BRAF	AKT1
BRAF	CTNNB1
ZNF717	OR4C3
PPIA	CTNNB1
PPIA	AKT1
PPIA	SNCA
PPIA	MYC
CDK5	MYC
CDK5	CTNNB1
CDK5	SNCA
CDK5	GRIN2B
RAD51B	POLE4
RAD51B	LPP
ROBO1	CTNNB1
ROBO1	LRMDA
ROBO1	HTR2A
HGFAC	RBFOX3
RPS6KA2	MYC
RPS6KA2	SHANK3
RPS6KA2	RPS6KA1
WDR36	CA1
WDR36	EMSY
WDR36	CYP1B1
GNPDA1	HK1
GNPDA1	H6PD
PLRG1	FGA
PLRG1	LRMDA
ADH4	H6PD
ADH4	CYP3A4
DTWD2	PC
GUCY1B1	ENPP1
RIMS2	GRIN2B
TNFAIP8	TNFAIP3
PIK3R1	TSHR
PIK3R1	SNCA
PIK3R1	ANGPT1
PIK3R1	MYC
PIK3R1	YES1
PIK3R1	CTNNB1
PIK3R1	JAK3
PIK3R1	JAK1
PIK3R1	BTK
PIK3R1	PLCG2
PIK3R1	IGF1R
PIK3R1	AKT1
ANGPT1	KNG1
ANGPT1	CTNNB1
ANGPT1	THPO
ANGPT1	HIF1A
ANGPT1	AKT1
ANGPT1	IGF1R
SLC25A37	HBB
CA1	HBB
CA1	SP6
CA1	SNCA
AMBRA1	DAPK2
AMBRA1	DAPK3
AMBRA1	SNCA
AMBRA1	MYC
AMBRA1	AKT1
JAK3	THPO
JAK3	CTNNB1
JAK3	MYC
JAK3	JAK1
CKAP5	CTNNB1
CKAP5	SEPTIN2
CKAP5	TUBB8
CKAP5	TUBA1C
CKAP5	TUBA1A
PTPRK	AKT1
PTPRK	CTNNB1
EMSY	AKT1
MS4A1	MS4A6A
MS4A1	BTK
PARP10	MYC
RPS6KA1	CTNNB1
RPS6KA1	MYC
KIRREL3	EPHA5
MS4A6A	CELF1
KMT2A	MYC
KMT2A	CTNNB1
CELF1	PSMC3
PHC1	PHF19
HTR2A	CYP3A4
HTR2A	BTK
HTR2A	GRIN2B
HTR2A	CYP2D6
HIF1A	H6PD
HIF1A	TUBA1A
HIF1A	WWOX
HIF1A	JAK1
HIF1A	ABCG2
HIF1A	SLC16A1
HIF1A	ABCB1
HIF1A	CREB3L1
HIF1A	HK1
HIF1A	PSMC3
HIF1A	IGF1R
HIF1A	AKT1
HIF1A	MYC
HIF1A	CTNNB1
TUBA1A	AKT1
TUBA1A	SEPTIN2
TUBA1A	MYC
TUBA1A	CTNNB1
TUBA1A	TUBA1C
TUBA1A	TUBB8
NFE2	AKT1
NFE2	MYC
NFE2	THPO
NFE2	HBB
SLC16A1	PC
SLC16A1	MYC
SLC16A1	ABCG2
TSHR	CTNNB1
TSHR	AKT1
TSHR	PC
TSHR	AVPR2
TSHR	IGF1R
HPR	ELANE
HPR	KNG1
HPR	APOC1
HPR	HBB
ARHGEF28	AKT1
DAPK3	DAPK2
STH	SNCA
TUBA1C	TUBB8
AKT1	THPO
AKT1	GIPR
AKT1	ELANE
AKT1	CYP3A4
AKT1	TNFRSF11A
AKT1	GRIN2B
AKT1	KNG1
AKT1	SHANK3
AKT1	RBFOX3
AKT1	HK1
AKT1	H6PD
AKT1	BTK
AKT1	ABCB1
AKT1	ABCG2
AKT1	IGF1R
AKT1	YES1
AKT1	SNCA
AKT1	CREB3L1
AKT1	PLCG2
AKT1	MYC
AKT1	CTNNB1
DYNLRB2	WWOX
WWOX	MYC
WWOX	CTNNB1
MMP12	ELANE
YES1	MYC
YES1	GRIN2B
YES1	CTNNB1
YES1	PLCG2
POLI	MYC
RBFOX3	CTNNB1
RBFOX3	GRIN2B
RBFOX3	SNCA
APOC1	FGA
APOC1	NR1H3
TNFRSF11A	PSMC3
TNFRSF11A	BTK
ELANE	KNG1
GIPR	AVPR2
PTPRS	CTNNB1
H6PD	GGNBP2
H6PD	CTNNB1
H6PD	MYC
H6PD	CYP3A4
H6PD	CYP2D6
H6PD	PC
H6PD	HK1
GRIN2B	CSMD1
GRIN2B	SNCA
GRIN2B	CTNNB1
GRIN2B	SHANK3
GGNBP2	MYO19
ABCB1	IGF1R
ABCB1	CYP1B1
ABCB1	ABCG2
ABCB1	MYC
ABCB1	CTNNB1
ABCB1	CYP2D6
ABCB1	CYP3A4
CYP1B1	ABCG2
CYP1B1	CYP3A4
MYC	PSMC3
MYC	HK1
MYC	TNFAIP3
MYC	KNG1
MYC	BTK
MYC	ABCG2
MYC	JAK1
MYC	IGF1R
MYC	CTNNB1
PSMC3	CTNNB1
PSMC3	SNCA
TNFAIP3	CTNNB1
TNFAIP3	BTK
PLCG2	IGF1R
PLCG2	BTK
BTK	JAK1
BTK	KNG1
BTK	CTNNB1
CDH4	CTNNB1
KNG1	FGA
HBB	THPO
THPO	JAK1
HK1	PC
SLC12A1	AVPR2
CTNNB1	JAK1
CTNNB1	ABCG2
CTNNB1	IGF1R
CYP2D6	SNCA
CYP2D6	ABCG2
CYP2D6	CYP3A4
IGF1R	ABCG2
IGF1R	JAK1
CA5A	PC
ABCG2	CYP3A4
FGA	SNCA